date,day as a number,Case management and quarantine-Isolation of case-Not applicable,International travel-Border screening-PCR/rapid antigen testing,Physical distancing-Closure of educational institutions-Secondary School,International travel-Quarantine for international travellers-Not applicable,Hygiene and safety measure-Other-Not applicable,Hygiene and safety measure-Protective mask use community-Closed public spaces,Physical distancing-Public gathering restriction-Ban on all events,Physical distancing-Public gathering restriction-Outdoor over 50,Case management and quarantine-Contact tracing-Mobile technology,Case management and quarantine-Contact tracing-Not applicable,Physical distancing-Closure of public spaces-Entertainment venues,Physical distancing-Closure of public spaces-Gyms sports centres,Physical distancing-Closure of public spaces-Non essential shops,Physical distancing-Private gathering restriction-Gathering,Physical distancing-Stay at home orders-Not applicable,Physical distancing-Closure of educational institutions-Daycare nursery,Physical distancing-Closure of educational institutions-Primary School,Internal travel-Travel restrictions-Other,Internal travel-Other-Not applicable,Hygiene and safety measure-Protective mask use community-All public spaces,General-Activate incident emergency management system-Not applicable,Physical distancing-Closure of educational institutions-Other,International travel-Travel advice-Not applicable,International travel-Total border closure-Not applicable,Case management and quarantine-Quarantine-For contacts,Physical distancing-Workplace measures-Teleworking,Physical distancing-Closure of public spaces-Restaurants cafes,Hygiene and safety measure-Protective mask use community-Other,General-Exemptions to NPIs-Vaccination proof,Physical distancing-Public gathering restriction-Outdoor over 1000,Physical distancing-Public gathering restriction-Indoor over 1000,General-Communication to the public-Not applicable,General-Intersectoral communication-Not applicable,General-Communication to healthcare services-Not applicable,Physical distancing-Stay at home recommendations-Not applicable,Physical distancing-Closure of educational institutions-Higher Education,Physical distancing-Closure of public spaces-Place of worship,Physical distancing-Public gathering restriction-Other,Ensuring treatment capacity-Non COVID related care-Rescheduling non essential care,International travel-Border screening-Other,Physical distancing-Workplace measures-Closure of workplaces,Internal travel-Travel advice-Not applicable,International travel-Other-Not applicable
2020-03-01,0,2,0,0,0,0,0,0,0,0,2,0,0,0,0,0,0,0,0,0,0,2,0,0,2,0,0,0,0,0,0,2,0,0,0,0,0,0,0,0,2,0,0,0
2020-03-02,1,2,0,0,0,0,0,0,0,0,2,0,0,0,0,0,0,0,0,0,0,2,0,0,2,0,0,0,0,0,0,2,0,0,0,0,0,0,0,0,2,0,0,0
2020-03-03,2,2,0,0,0,0,0,0,0,0,2,0,0,0,0,0,0,0,0,0,0,2,0,0,2,0,0,0,0,0,0,2,0,0,0,0,0,0,0,0,2,0,0,0
2020-03-04,3,2,0,0,0,0,0,0,0,0,2,0,0,0,0,0,0,0,0,0,0,2,0,0,2,0,0,0,0,0,0,2,0,0,0,0,0,0,0,0,2,0,0,0
2020-03-05,4,2,0,0,0,0,0,0,0,0,2,0,0,0,0,0,0,0,0,0,0,2,0,0,2,0,0,0,0,0,0,2,0,0,0,0,0,0,0,0,2,0,0,0
2020-03-06,5,2,0,0,0,0,0,0,0,0,2,0,0,0,0,0,0,0,0,0,0,2,0,0,2,0,0,0,0,0,0,2,0,0,0,0,0,0,0,0,2,0,0,0
2020-03-07,6,2,0,0,0,0,0,0,0,0,2,0,0,0,0,0,0,0,0,0,0,2,0,0,2,0,0,0,0,0,0,2,0,0,0,0,0,0,0,0,2,0,0,0
2020-03-08,7,2,0,0,0,0,0,0,0,0,2,0,0,0,0,0,0,0,0,0,0,2,0,0,2,0,0,0,0,0,0,2,0,0,0,0,0,0,0,0,2,0,0,0
2020-03-09,8,2,0,2,0,0,0,0,0,0,2,0,0,0,0,0,2,2,0,0,0,2,0,0,2,0,0,0,0,0,0,2,0,0,0,0,2,0,0,0,2,0,0,0
2020-03-10,9,2,0,2,0,0,0,0,0,0,2,0,0,0,0,0,2,2,0,0,0,2,0,0,2,0,0,0,0,0,0,2,0,0,0,0,2,0,0,0,2,0,0,0
2020-03-11,10,2,0,2,0,0,0,0,0,0,2,0,0,0,0,0,2,2,0,0,0,2,0,0,2,0,0,0,0,0,0,2,0,0,0,0,2,0,0,0,2,0,0,0
2020-03-12,11,2,0,2,0,0,0,0,0,0,2,0,0,0,0,0,2,2,0,0,0,2,0,0,2,0,0,0,0,0,0,2,0,0,0,0,2,0,0,0,2,0,0,0
2020-03-13,12,2,0,2,0,0,0,0,0,0,2,0,0,0,0,0,2,2,0,0,0,2,0,0,2,0,0,0,0,0,2,2,0,0,0,2,2,0,0,0,2,0,0,0
2020-03-14,13,2,0,2,0,0,0,0,0,0,2,0,0,0,0,0,2,2,0,0,0,2,0,0,2,0,0,0,0,0,2,2,0,0,0,2,2,0,0,0,2,0,2,2
2020-03-15,14,2,0,2,0,0,0,0,0,0,2,0,0,0,0,0,2,2,0,0,0,2,0,0,2,0,0,0,0,0,2,2,0,0,0,2,2,0,0,0,2,0,2,2
2020-03-16,15,2,0,2,0,0,0,0,0,0,2,2,2,0,0,0,2,2,0,0,0,2,0,0,2,0,0,2,0,0,2,2,0,0,0,0,1,0,0,0,2,0,2,2
2020-03-17,16,2,0,2,0,0,0,0,0,0,2,2,2,0,2,2,2,2,0,0,0,2,0,0,2,0,2,2,0,0,2,2,0,0,0,0,1,0,0,0,2,2,2,2
2020-03-18,17,2,0,2,0,0,0,0,0,0,2,2,2,0,2,2,2,2,0,0,0,2,0,0,2,0,2,2,0,0,2,2,0,0,0,0,1,0,0,0,2,2,2,2
2020-03-19,18,2,0,2,0,0,0,0,0,0,2,2,2,0,2,2,2,2,0,0,0,2,0,0,2,0,2,2,0,0,2,2,0,0,0,0,1,0,0,0,2,2,2,2
2020-03-20,19,2,0,2,0,0,0,0,0,0,2,2,2,0,2,2,2,2,0,0,0,2,0,0,2,0,2,2,0,0,2,2,0,0,0,0,1,0,0,0,2,2,2,2
2020-03-21,20,2,0,2,0,0,0,0,0,0,2,2,2,0,2,2,2,2,0,0,0,2,0,0,2,0,2,2,0,0,2,2,0,0,0,0,1,0,0,0,2,2,2,2
2020-03-22,21,2,0,2,0,0,0,0,0,0,2,2,2,0,2,2,2,2,0,0,0,2,0,0,2,0,2,2,0,0,2,2,0,0,0,0,1,0,0,0,2,2,2,2
2020-03-23,22,2,0,2,0,0,0,0,0,0,2,2,2,0,2,2,2,2,0,0,0,2,0,0,2,0,2,2,0,0,2,2,0,0,0,0,1,0,0,0,2,2,2,2
2020-03-24,23,2,0,2,0,0,0,0,0,0,2,2,2,0,2,2,2,2,0,0,0,2,0,0,2,0,2,2,0,0,2,2,0,0,0,0,1,0,0,0,2,2,2,2
2020-03-25,24,2,0,2,0,0,0,0,0,0,2,2,2,0,2,2,2,2,0,0,0,2,0,0,2,0,2,2,0,0,2,2,0,0,0,0,1,0,0,0,2,2,2,2
2020-03-26,25,2,0,2,0,0,0,0,0,0,2,2,2,0,2,2,2,2,0,0,0,2,0,0,2,0,2,2,0,0,2,2,0,0,0,0,1,0,0,0,2,2,2,2
2020-03-27,26,2,0,2,0,0,0,0,0,0,2,2,2,0,2,2,2,2,0,0,0,2,0,0,2,0,2,2,0,0,2,2,0,0,0,0,1,0,0,0,2,2,2,2
2020-03-28,27,2,0,2,0,0,0,0,0,0,2,2,2,0,2,2,2,2,0,0,0,2,0,0,2,0,2,2,0,0,2,2,0,0,0,0,1,0,0,0,2,2,2,2
2020-03-29,28,2,0,2,0,0,0,0,0,0,2,2,2,0,2,2,2,2,0,0,0,2,0,0,2,0,2,2,0,0,2,2,0,0,0,0,1,0,0,0,2,2,2,2
2020-03-30,29,2,0,0,0,0,0,0,0,0,2,2,2,0,2,2,2,0,0,0,0,2,0,0,2,0,2,2,0,0,2,2,0,0,0,0,1,0,0,0,2,2,2,2
2020-03-31,30,2,0,0,0,0,0,0,0,0,2,2,2,0,2,2,2,0,0,0,0,2,0,0,2,0,2,2,0,0,2,2,0,0,0,0,1,0,0,0,2,2,2,2
2020-04-01,31,2,0,0,0,0,0,0,0,0,2,2,2,0,2,2,2,0,0,0,0,2,0,0,2,0,2,2,0,0,2,2,0,0,0,0,1,0,0,0,2,2,2,2
2020-04-02,32,2,0,0,0,0,0,0,0,0,2,2,2,0,2,2,2,0,0,0,0,2,0,0,2,0,2,2,0,0,2,2,0,0,0,0,1,0,0,0,2,2,2,2
2020-04-03,33,2,0,0,0,0,0,0,0,0,2,2,2,0,2,2,2,0,0,0,0,2,0,0,2,0,2,2,0,0,2,2,0,0,0,0,1,0,0,0,2,2,2,2
2020-04-04,34,2,0,0,0,0,0,0,0,0,2,2,2,0,2,2,2,0,0,0,0,2,0,0,2,0,2,2,0,0,2,2,0,0,0,0,1,0,0,0,2,2,2,2
2020-04-05,35,2,0,0,0,0,0,0,0,0,2,2,2,0,2,2,2,0,0,0,0,2,0,0,2,0,2,2,0,0,2,2,0,0,0,0,1,0,0,0,2,2,2,2
2020-04-06,36,2,0,0,0,0,0,0,0,0,2,2,2,0,2,2,2,0,0,0,0,2,0,0,2,0,2,2,0,0,2,2,0,0,0,0,1,0,0,0,2,2,2,2
2020-04-07,37,2,0,0,0,0,0,0,0,0,2,2,2,0,2,2,2,0,0,0,0,2,0,0,2,0,2,2,0,0,2,2,0,0,0,0,1,0,0,0,2,2,2,2
2020-04-08,38,2,0,0,0,0,0,0,0,0,2,2,2,0,2,2,2,0,0,0,0,2,0,0,2,0,2,2,0,0,2,2,0,0,0,0,1,0,0,0,2,2,2,2
2020-04-09,39,2,0,0,0,0,0,0,0,0,2,2,2,0,2,2,2,0,0,0,0,2,0,0,2,0,2,2,0,0,2,2,0,0,0,0,1,0,0,0,2,2,2,2
2020-04-10,40,2,0,0,0,0,0,0,0,0,2,2,2,0,2,2,2,0,0,0,0,2,0,0,2,0,2,2,0,0,2,2,0,0,0,0,1,0,0,0,2,2,2,2
2020-04-11,41,2,0,0,0,0,0,0,0,0,2,2,2,0,2,2,2,0,0,0,0,2,0,0,2,0,2,2,0,0,2,2,0,0,0,0,1,0,0,0,2,2,2,2
2020-04-12,42,2,0,0,0,0,0,0,0,0,2,2,2,0,2,2,2,0,0,0,0,2,0,0,2,0,2,2,0,0,2,2,0,0,0,0,1,0,0,0,2,2,2,2
2020-04-13,43,2,0,0,0,0,0,0,0,0,2,2,2,0,2,2,2,0,0,0,0,2,0,0,2,0,2,2,0,0,2,2,0,0,0,0,1,0,0,0,2,2,2,2
2020-04-14,44,2,0,0,0,0,0,0,0,0,2,2,2,0,2,2,2,0,0,0,0,2,0,0,2,0,2,2,0,0,2,2,0,0,0,0,1,0,0,0,2,2,2,2
2020-04-15,45,2,0,0,0,0,0,0,0,0,2,2,2,0,2,2,2,0,0,0,0,2,0,0,2,0,2,2,0,0,2,2,0,0,0,0,1,0,0,0,2,2,2,2
2020-04-16,46,2,0,0,0,0,0,0,0,0,2,2,2,0,2,2,2,0,0,0,0,2,0,0,2,0,2,2,0,0,2,2,0,0,0,0,1,0,0,0,2,2,2,0
2020-04-17,47,2,0,0,0,0,0,0,0,0,2,2,2,0,2,2,2,0,0,0,0,2,0,0,2,0,2,2,0,0,2,2,0,0,0,0,1,0,0,0,2,2,2,0
2020-04-18,48,2,0,0,0,0,0,0,0,0,2,2,2,0,2,2,2,0,0,0,0,2,0,0,2,0,2,2,0,0,2,2,0,0,0,0,1,0,0,0,2,2,2,0
2020-04-19,49,2,0,0,0,0,0,0,0,0,2,2,2,0,2,2,2,0,0,0,0,2,0,0,2,0,2,2,0,0,2,2,0,0,0,0,1,0,0,0,2,2,2,0
2020-04-20,50,2,0,0,0,0,0,0,0,0,2,2,2,0,2,2,2,0,0,0,0,2,0,0,2,0,2,2,0,0,2,2,0,0,0,0,1,0,0,0,2,2,2,0
2020-04-21,51,2,0,0,0,0,0,0,0,0,2,2,2,0,2,2,2,0,0,0,0,2,0,0,2,0,2,2,0,0,2,2,0,0,0,0,1,0,0,0,2,2,2,0
2020-04-22,52,2,0,0,0,0,0,0,0,0,2,2,2,0,2,2,2,0,0,0,0,2,0,0,2,0,2,2,0,0,2,2,0,0,0,0,1,0,0,0,2,2,2,0
2020-04-23,53,2,0,0,0,0,0,0,0,0,2,2,2,0,2,2,2,0,0,0,0,2,0,0,2,0,2,2,0,0,2,2,0,0,0,0,1,0,0,0,2,2,2,0
2020-04-24,54,2,0,0,0,0,0,0,0,0,2,2,2,0,2,2,2,0,0,0,0,2,0,0,2,0,2,2,0,0,2,2,0,0,0,0,1,0,0,0,2,2,2,0
2020-04-25,55,2,0,0,0,0,0,0,0,0,2,2,2,0,2,2,2,0,0,0,0,2,0,0,2,0,2,2,0,0,2,2,0,0,0,0,1,0,0,0,2,2,2,0
2020-04-26,56,2,0,0,0,0,0,0,0,0,2,2,2,0,2,2,2,0,0,0,0,2,0,0,2,0,2,2,0,0,2,2,0,0,0,0,1,0,0,0,2,2,2,0
2020-04-27,57,2,0,0,0,0,0,0,0,0,2,2,2,0,2,2,2,0,0,0,0,2,0,0,2,0,2,2,0,0,2,2,0,0,0,0,1,0,0,0,2,2,2,0
2020-04-28,58,2,0,0,0,0,0,0,0,0,2,2,2,0,2,2,2,0,0,0,0,2,0,0,2,0,2,2,0,0,2,2,0,0,0,0,1,0,0,0,2,2,2,0
2020-04-29,59,2,0,0,0,0,0,0,0,0,2,2,2,0,2,2,2,0,0,0,0,2,0,0,2,0,2,2,0,0,2,2,0,0,0,0,1,0,0,0,2,2,2,0
2020-04-30,60,2,0,0,0,0,0,0,0,0,2,2,2,0,2,2,2,0,0,0,0,2,0,0,2,0,2,2,0,0,2,2,0,0,0,0,1,0,0,0,2,2,2,0
2020-05-01,61,2,0,0,0,0,0,0,0,0,2,2,2,0,2,2,2,0,0,0,0,2,0,0,2,0,2,2,0,0,2,2,0,0,0,0,1,0,0,0,2,2,2,0
2020-05-02,62,2,0,0,0,0,0,0,0,0,2,2,2,0,2,2,2,0,0,0,0,2,0,0,2,0,2,2,0,0,2,2,0,0,0,0,1,0,0,0,2,2,2,0
2020-05-03,63,2,0,0,0,0,0,0,0,0,2,2,2,0,2,2,2,0,0,0,0,2,0,0,2,0,2,2,0,0,2,2,0,0,0,0,1,0,0,0,2,2,2,0
2020-05-04,64,2,0,0,0,0,0,0,0,0,2,2,2,0,2,2,2,0,0,0,0,2,0,0,2,0,2,2,0,0,2,2,0,0,0,0,1,0,0,0,2,2,2,0
2020-05-05,65,2,0,0,0,0,0,0,0,0,2,2,2,0,2,2,2,0,0,0,0,2,0,0,2,0,2,2,0,0,2,2,0,0,0,0,1,0,0,0,2,2,2,0
2020-05-06,66,2,0,0,0,0,0,0,0,0,2,2,2,0,2,2,2,0,0,0,0,2,0,0,2,0,2,2,0,0,2,2,0,0,0,0,1,0,0,0,2,2,2,0
2020-05-07,67,2,0,0,0,0,0,0,0,0,2,2,2,0,2,2,2,0,0,0,0,2,0,0,2,0,2,2,0,0,2,2,0,0,0,0,1,0,0,0,2,2,2,0
2020-05-08,68,2,0,0,0,0,0,0,0,0,2,2,2,0,2,2,2,0,0,0,0,2,0,0,2,0,2,2,0,0,2,2,0,0,0,0,1,0,0,0,2,2,2,0
2020-05-09,69,2,0,0,0,0,0,0,0,0,2,2,2,0,2,2,2,0,0,0,0,2,0,0,2,0,2,2,0,0,2,2,0,0,0,0,1,0,0,0,2,2,2,0
2020-05-10,70,2,0,0,0,0,0,0,0,0,2,2,2,0,2,2,2,0,0,0,0,2,0,0,2,0,2,2,0,0,2,2,0,0,0,0,1,0,0,0,2,2,2,0
2020-05-11,71,2,0,1,0,0,1,0,0,0,2,2,2,0,2,2,2,0,0,0,2,2,0,0,2,0,0,2,2,0,2,2,0,0,0,0,1,0,0,2,2,2,2,0
2020-05-12,72,2,0,1,0,0,1,0,0,0,2,2,2,0,2,1,2,0,0,0,2,2,0,0,2,0,0,2,2,0,2,2,0,0,0,0,1,0,0,2,2,0,2,0
2020-05-13,73,2,0,1,0,0,1,0,0,0,2,2,2,0,2,1,2,0,0,0,2,2,0,0,2,0,0,2,2,0,2,2,0,0,0,0,1,0,0,0,2,0,2,0
2020-05-14,74,2,0,1,0,0,1,0,0,0,2,2,2,0,2,1,2,0,0,0,2,2,0,0,2,0,0,2,2,0,2,2,0,0,0,0,1,0,0,0,2,0,2,0
2020-05-15,75,2,0,1,0,0,1,0,0,0,2,2,2,0,2,1,2,0,0,0,2,2,0,0,2,0,0,2,2,0,2,2,0,0,0,0,1,0,0,0,2,0,2,0
2020-05-16,76,2,0,1,0,0,1,0,0,0,2,2,2,0,2,1,2,0,0,0,2,2,0,0,2,0,0,2,2,0,2,2,0,0,0,0,1,0,0,0,2,0,2,0
2020-05-17,77,2,0,1,0,0,1,0,0,0,2,2,2,0,2,1,2,0,0,0,2,2,0,0,2,0,0,2,2,0,2,2,0,0,0,0,1,0,0,0,2,0,2,0
2020-05-18,78,2,0,1,0,0,1,0,0,0,2,2,2,0,2,1,2,0,0,0,2,2,0,0,2,0,0,2,2,0,2,2,0,0,0,0,1,0,0,0,2,0,2,0
2020-05-19,79,2,0,1,0,0,1,0,0,0,2,2,2,0,2,1,2,0,0,0,2,2,0,0,2,0,0,2,2,0,2,2,0,0,0,0,1,0,0,0,2,0,2,0
2020-05-20,80,2,0,1,0,0,1,0,0,0,2,2,2,0,2,1,2,0,0,0,2,2,0,0,2,0,0,2,2,0,2,2,0,0,0,0,1,0,0,0,2,0,2,0
2020-05-21,81,2,0,1,0,0,1,0,0,0,2,2,2,0,2,1,2,0,0,0,2,2,0,0,2,0,0,2,2,0,2,2,0,0,0,0,1,0,0,0,2,0,2,0
2020-05-22,82,2,0,1,0,0,1,0,0,0,2,2,2,0,2,1,2,0,0,0,2,2,0,0,2,0,0,2,2,0,2,2,0,0,0,0,1,0,0,0,2,0,2,0
2020-05-23,83,2,0,1,0,0,1,0,0,0,2,2,2,0,2,1,2,0,0,0,2,2,0,0,2,0,0,2,2,0,2,2,0,0,0,0,1,0,0,0,2,0,2,0
2020-05-24,84,2,0,1,0,0,1,0,0,0,2,2,2,0,2,1,2,0,0,0,2,2,0,0,2,0,0,2,2,0,2,2,0,0,0,0,1,0,0,0,2,0,2,0
2020-05-25,85,2,0,1,0,0,1,0,0,0,2,2,2,0,2,1,2,0,0,0,2,2,0,0,2,0,0,2,2,0,2,2,0,0,0,0,1,0,0,0,2,0,2,0
2020-05-26,86,2,0,1,0,0,1,0,0,0,2,2,2,0,2,1,2,0,0,0,2,2,0,0,2,0,0,2,2,0,2,2,0,0,0,0,1,0,0,0,2,0,2,0
2020-05-27,87,2,0,1,0,0,1,0,0,0,2,2,2,0,2,1,2,0,0,0,2,2,0,0,2,0,0,2,2,0,2,2,0,0,0,0,1,0,0,0,2,0,2,0
2020-05-28,88,2,0,1,0,0,1,0,0,0,2,2,2,0,2,1,2,0,0,0,2,2,0,0,2,0,0,2,2,0,2,2,0,0,0,0,1,0,0,0,2,0,2,0
2020-05-29,89,2,0,1,0,0,1,0,0,0,2,2,2,0,2,1,2,0,0,0,2,2,0,0,2,0,0,2,2,0,2,2,0,0,0,0,1,0,0,0,2,0,2,0
2020-05-30,90,2,0,1,0,0,1,0,0,0,2,2,2,0,2,1,2,0,0,0,2,2,0,0,2,0,0,2,2,0,2,2,0,0,0,0,1,0,0,0,2,0,2,0
2020-05-31,91,2,0,1,0,0,1,0,0,0,2,2,2,0,2,1,2,0,0,0,2,2,0,0,2,0,0,2,2,0,2,2,0,0,0,0,1,0,0,0,2,0,2,0
2020-06-01,92,2,0,1,0,0,1,0,0,0,2,2,2,0,2,1,2,0,0,0,2,2,0,0,2,0,0,2,2,0,2,2,0,0,0,0,1,0,0,0,2,0,2,0
2020-06-02,93,2,0,1,0,0,1,0,0,0,2,1,2,0,2,1,1,0,0,0,2,2,0,0,2,0,0,1,2,0,2,2,0,0,0,0,1,0,0,0,2,0,2,0
2020-06-03,94,2,0,1,0,0,1,0,0,0,2,1,2,0,2,0,1,0,0,0,2,2,0,0,2,0,0,1,2,0,2,2,0,0,0,0,1,0,0,0,2,0,0,0
2020-06-04,95,2,0,1,0,0,1,0,0,0,2,1,2,0,2,0,1,0,0,0,2,2,0,0,2,0,0,1,2,0,2,2,0,0,0,0,1,0,0,0,2,0,0,0
2020-06-05,96,2,0,1,0,0,1,0,0,0,2,1,2,0,2,0,1,0,0,0,2,2,0,0,2,0,0,1,2,0,2,2,0,0,0,0,1,0,0,0,2,0,0,0
2020-06-06,97,2,0,1,0,0,1,0,0,0,2,1,2,0,2,0,1,0,0,0,2,2,0,0,2,0,0,1,2,0,2,2,0,0,0,0,1,0,0,0,2,0,0,0
2020-06-07,98,2,0,1,0,0,1,0,0,0,2,1,2,0,2,0,1,0,0,0,2,2,0,0,2,0,0,1,2,0,2,2,0,0,0,0,1,0,0,0,2,0,0,0
2020-06-08,99,2,0,1,0,0,1,0,0,0,2,1,2,0,2,0,1,0,0,0,2,2,0,0,2,0,0,1,2,0,2,2,0,0,0,0,1,0,0,0,2,0,0,0
2020-06-09,100,2,0,1,0,0,1,0,0,0,2,1,2,0,2,0,1,0,0,0,2,2,0,0,2,0,0,1,2,0,2,2,0,0,0,0,1,0,0,0,2,0,0,0
2020-06-10,101,2,0,1,0,0,1,0,0,0,2,1,2,0,2,0,1,0,0,0,2,2,0,0,2,0,0,1,2,0,2,2,0,0,0,0,1,0,0,0,2,0,0,0
2020-06-11,102,2,0,1,0,0,1,0,0,0,2,1,2,0,2,0,1,0,0,0,2,2,0,0,2,0,0,1,2,0,2,2,0,0,0,0,1,0,0,0,2,0,0,0
2020-06-12,103,2,0,1,0,0,1,0,0,0,2,1,2,0,2,0,1,0,0,0,2,2,0,0,2,0,0,1,2,0,2,2,0,0,0,0,1,0,0,0,2,0,0,0
2020-06-13,104,2,0,1,0,0,1,0,0,0,2,1,2,0,2,0,1,0,0,0,2,2,0,0,2,0,0,1,2,0,2,2,0,0,0,0,1,0,0,0,2,0,0,0
2020-06-14,105,2,0,1,0,0,1,0,0,0,2,1,2,0,2,0,1,0,0,0,2,2,0,0,2,0,0,1,2,0,2,2,0,0,0,0,1,0,0,0,2,0,0,0
2020-06-15,106,2,0,1,0,0,1,0,0,0,2,1,2,0,2,0,1,0,0,0,2,2,0,0,2,0,0,1,2,0,2,2,0,0,0,0,1,0,0,0,1,0,0,0
2020-06-16,107,2,0,1,0,0,1,0,0,0,2,1,2,0,0,0,1,0,0,0,2,2,0,0,2,0,0,0,2,0,2,2,0,0,0,0,1,0,0,0,1,0,0,0
2020-06-17,108,2,0,1,0,0,1,0,0,0,2,1,2,0,0,0,1,0,0,0,2,2,0,0,2,0,0,0,2,0,2,2,0,0,0,0,1,0,0,0,1,0,0,0
2020-06-18,109,2,0,1,0,0,1,0,0,0,2,1,2,0,0,0,1,0,0,0,2,2,0,0,2,0,0,0,2,0,2,2,0,0,0,0,1,0,0,0,1,0,0,0
2020-06-19,110,2,0,1,0,0,1,0,0,0,2,1,2,0,0,0,1,0,0,0,2,2,0,0,2,0,0,0,2,0,2,2,0,0,0,0,1,0,0,0,1,0,0,0
2020-06-20,111,2,0,1,0,0,1,0,0,0,2,1,2,0,0,0,1,0,0,0,2,2,0,0,2,0,0,0,2,0,2,2,0,0,0,0,1,0,0,0,1,0,0,0
2020-06-21,112,2,0,1,0,0,1,0,0,0,2,1,2,0,0,0,1,0,0,0,2,2,0,0,2,0,0,0,2,0,2,2,0,0,0,0,1,0,0,0,1,0,0,0
2020-06-22,113,2,0,1,0,0,1,0,0,0,2,1,2,0,0,0,1,0,0,0,2,2,0,0,2,0,0,0,2,0,2,2,0,0,0,0,1,0,0,0,1,0,0,0
2020-06-23,114,2,0,0,0,0,1,0,0,0,2,0,0,0,0,0,0,0,0,0,2,2,0,0,2,0,0,0,2,0,2,2,0,0,0,0,0,0,0,0,1,0,0,0
2020-06-24,115,2,0,0,0,0,1,0,0,0,2,0,0,0,0,0,0,0,0,0,2,2,0,0,2,0,0,0,2,0,2,2,0,0,0,0,0,0,0,0,1,0,0,0
2020-06-25,116,2,0,0,0,0,1,0,0,0,2,0,0,0,0,0,0,0,0,0,2,2,0,0,2,0,0,0,2,0,2,2,0,0,0,0,0,0,0,0,1,0,0,0
2020-06-26,117,2,0,0,0,0,1,0,0,0,2,0,0,0,0,0,0,0,0,0,2,2,0,0,2,0,0,0,2,0,2,2,0,0,0,0,0,0,0,0,1,0,0,0
2020-06-27,118,2,0,0,0,0,1,0,0,0,2,0,0,0,0,0,0,0,0,0,2,2,0,0,2,0,0,0,2,0,2,2,0,0,0,0,0,0,0,0,1,0,0,0
2020-06-28,119,2,0,0,0,0,1,0,0,0,2,0,0,0,0,0,0,0,0,0,2,2,0,0,2,0,0,0,2,0,2,2,0,0,0,0,0,0,0,0,1,0,0,0
2020-06-29,120,2,0,0,0,0,1,0,0,0,2,0,0,0,0,0,0,0,0,0,2,2,0,0,2,0,0,0,2,0,2,2,0,0,0,0,0,0,0,0,1,0,0,0
2020-06-30,121,2,0,0,0,0,1,0,0,0,2,0,0,0,0,0,0,0,0,0,2,2,0,0,2,0,0,0,2,0,2,2,0,0,0,0,0,0,0,0,1,0,0,0
2020-07-01,122,2,0,0,0,0,1,0,0,0,2,0,0,0,0,0,0,0,0,0,2,2,0,0,2,0,0,0,2,0,2,2,0,0,0,0,0,0,0,0,1,0,0,0
2020-07-02,123,2,0,0,0,0,1,0,0,0,2,0,0,0,0,0,0,0,0,0,2,2,0,0,2,0,0,0,2,0,2,2,0,0,0,0,0,0,0,0,1,0,0,0
2020-07-03,124,2,0,0,0,0,1,0,0,0,2,0,0,0,0,0,0,0,0,0,2,2,0,0,2,0,0,0,2,0,2,2,0,0,0,0,0,0,0,0,1,0,0,0
2020-07-04,125,2,0,0,0,0,1,0,0,0,2,0,0,0,0,0,0,0,0,0,2,2,0,0,2,0,0,0,2,0,2,2,0,0,0,0,0,0,0,0,1,0,0,0
2020-07-05,126,2,0,0,0,0,1,0,0,0,2,0,0,0,0,0,0,0,0,0,2,2,0,0,2,0,0,0,2,0,2,2,0,0,0,0,0,0,0,0,1,0,0,0
2020-07-06,127,2,0,0,0,0,1,0,0,0,2,0,0,0,0,0,0,0,0,0,2,2,0,0,2,0,0,0,2,0,2,2,0,0,0,0,0,0,0,0,1,0,0,0
2020-07-07,128,2,0,0,0,0,1,0,0,0,2,0,0,0,0,0,0,0,0,0,2,2,0,0,2,0,0,0,2,0,2,2,0,0,0,0,0,0,0,0,1,0,0,0
2020-07-08,129,2,0,0,0,0,1,0,0,0,2,0,0,0,0,0,0,0,0,0,2,2,0,0,2,0,0,0,2,0,2,2,0,0,0,0,0,0,0,0,1,0,0,0
2020-07-09,130,2,0,0,0,0,1,0,0,0,2,0,0,0,0,0,0,0,0,0,2,2,0,0,2,0,0,0,2,0,2,2,0,0,0,0,0,0,0,0,1,0,0,0
2020-07-10,131,2,0,0,0,0,1,0,0,0,2,0,0,0,0,0,0,0,0,0,2,2,0,0,2,0,0,0,2,0,2,2,0,0,0,0,0,0,0,0,1,0,0,0
2020-07-11,132,2,0,0,0,0,1,0,0,0,2,0,0,0,0,0,0,0,0,0,2,2,0,0,2,0,0,0,2,0,2,2,0,0,0,0,0,0,0,0,1,0,0,0
2020-07-12,133,2,0,0,0,0,1,0,0,0,2,0,0,0,0,0,0,0,0,0,2,2,0,0,2,0,0,0,2,0,0,2,0,0,0,0,0,0,0,0,1,0,0,0
2020-07-13,134,2,0,0,0,0,1,0,0,0,2,0,0,0,0,0,0,0,0,0,2,2,0,0,2,0,0,0,2,0,0,2,0,0,0,0,0,0,0,0,1,0,0,0
2020-07-14,135,2,0,0,0,0,1,0,0,0,2,0,0,0,0,0,0,0,0,0,2,2,0,0,2,0,0,0,2,0,0,2,0,0,0,0,0,0,0,0,1,0,0,0
2020-07-15,136,2,0,0,0,0,1,0,0,0,2,0,0,0,0,0,0,0,0,0,2,2,0,0,2,0,0,0,2,0,0,2,0,0,0,0,0,0,0,0,1,0,0,0
2020-07-16,137,2,0,0,0,0,1,0,0,0,2,0,0,0,0,0,0,0,0,0,2,2,0,0,2,0,0,0,2,0,0,2,0,0,0,0,0,0,0,0,1,0,0,0
2020-07-17,138,2,0,0,0,0,1,0,0,0,2,0,0,0,0,0,0,0,0,0,2,2,0,0,2,0,0,0,2,0,0,2,0,0,0,0,0,0,0,0,1,0,0,0
2020-07-18,139,2,0,0,0,0,1,0,0,0,2,0,0,0,0,0,0,0,0,0,2,2,0,0,2,0,0,0,2,0,0,2,0,0,0,0,0,0,0,0,1,0,0,0
2020-07-19,140,2,0,0,0,0,1,0,0,0,2,0,0,0,0,0,0,0,0,0,2,2,0,0,2,0,0,0,2,0,0,2,0,0,0,0,0,0,0,0,1,0,0,0
2020-07-20,141,2,0,0,0,0,2,0,0,0,2,0,0,0,0,0,0,0,0,0,0,2,0,0,2,0,0,0,2,0,0,2,0,0,0,0,0,0,0,0,1,0,0,0
2020-07-21,142,2,0,0,0,0,2,0,0,0,2,0,0,0,0,0,0,0,0,0,0,2,0,0,2,0,0,0,2,0,0,2,0,0,0,0,0,0,0,0,1,0,0,0
2020-07-22,143,2,0,0,0,0,2,0,0,0,2,0,0,0,0,0,0,0,0,0,0,2,0,0,2,0,0,0,2,0,0,2,0,0,0,0,0,0,0,0,1,0,0,0
2020-07-23,144,2,0,0,0,0,2,0,0,0,2,0,0,0,0,0,0,0,0,0,0,2,0,0,2,0,0,0,2,0,0,2,0,0,0,0,0,0,0,0,1,0,0,0
2020-07-24,145,2,0,0,0,0,2,0,0,0,2,0,0,0,0,0,0,0,0,0,0,2,0,0,2,0,0,0,2,0,0,2,0,0,0,0,0,0,0,0,1,0,0,0
2020-07-25,146,2,0,0,0,0,2,0,0,0,2,0,0,0,0,0,0,0,0,0,0,2,0,0,2,0,0,0,2,0,0,2,0,0,0,0,0,0,0,0,1,0,0,0
2020-07-26,147,2,0,0,0,0,2,0,0,0,2,0,0,0,0,0,0,0,0,0,0,2,0,0,2,0,0,0,2,0,0,2,0,0,0,0,0,0,0,0,1,0,0,0
2020-07-27,148,2,0,0,0,0,2,0,0,0,2,0,0,0,0,0,0,0,0,0,0,2,0,0,2,0,0,0,2,0,0,2,0,0,0,0,0,0,0,0,1,0,0,0
2020-07-28,149,2,0,0,0,0,2,0,0,0,2,0,0,0,0,0,0,0,0,0,0,2,0,0,2,0,0,0,2,0,0,2,0,0,0,0,0,0,0,0,1,0,0,0
2020-07-29,150,2,0,0,0,0,2,0,0,0,2,0,0,0,0,0,0,0,0,0,0,2,0,0,2,0,0,0,2,0,0,2,0,0,0,0,0,0,0,0,1,0,0,0
2020-07-30,151,2,0,0,0,0,2,0,0,0,2,0,0,0,0,0,0,0,0,0,0,2,0,0,2,0,0,0,2,0,0,2,0,0,0,0,0,0,0,0,1,0,0,0
2020-07-31,152,2,0,0,0,0,2,0,0,0,2,0,0,0,0,0,0,0,0,0,0,2,0,0,2,0,0,0,2,0,0,2,0,0,0,0,0,0,0,0,1,0,0,0
2020-08-01,153,2,1,0,0,0,2,0,0,0,2,0,0,0,0,0,0,0,0,0,0,2,0,0,2,0,0,0,2,0,0,2,0,0,0,0,0,0,0,0,1,0,0,0
2020-08-02,154,2,1,0,0,0,2,0,0,0,2,0,0,0,0,0,0,0,0,0,0,2,0,0,2,0,0,0,2,0,0,2,0,0,0,0,0,0,0,0,0,0,0,0
2020-08-03,155,2,1,0,0,0,2,0,0,0,2,0,0,0,0,0,0,0,0,0,2,2,0,0,2,0,0,0,2,0,0,2,0,0,0,0,0,0,0,0,0,0,0,0
2020-08-04,156,2,1,0,0,0,2,0,0,0,2,0,0,0,0,0,0,0,0,0,2,2,0,0,2,0,0,0,2,0,0,2,0,0,0,0,0,0,0,0,0,0,0,0
2020-08-05,157,2,1,0,0,0,2,0,0,0,2,0,0,0,0,0,0,0,0,0,2,2,0,0,2,0,0,0,2,0,0,2,0,0,0,0,0,0,0,0,0,0,0,0
2020-08-06,158,2,1,0,0,0,2,0,0,0,2,0,0,0,0,0,0,0,0,0,2,2,0,0,2,0,0,0,2,0,0,2,0,0,0,0,0,0,0,0,0,0,0,0
2020-08-07,159,2,1,0,0,0,2,0,0,0,2,0,0,0,0,0,0,0,0,0,2,2,0,0,2,0,0,0,2,0,0,2,0,0,0,0,0,0,0,0,0,0,0,0
2020-08-08,160,2,1,0,0,0,2,0,0,0,2,0,0,0,0,0,0,0,0,0,2,2,0,0,2,0,0,0,2,0,0,2,0,0,0,0,0,0,0,0,0,0,0,0
2020-08-09,161,2,1,0,0,0,2,0,0,0,2,0,0,0,0,0,0,0,0,0,2,2,0,0,2,0,0,0,2,0,0,2,0,0,0,0,0,0,0,0,0,0,0,0
2020-08-10,162,2,1,0,0,0,2,0,0,0,2,0,0,0,0,0,0,0,0,0,2,2,0,0,2,0,0,0,2,0,0,2,0,0,0,0,0,0,0,0,0,0,0,0
2020-08-11,163,2,1,0,0,0,2,0,0,0,2,0,0,0,0,0,0,0,0,0,2,2,0,0,2,0,0,0,2,0,0,2,0,0,0,0,0,0,0,0,0,0,0,0
2020-08-12,164,2,1,0,0,0,2,0,0,0,2,0,0,0,0,0,0,0,0,0,2,2,0,0,2,0,0,0,2,0,0,2,0,0,0,0,0,0,0,0,0,0,0,0
2020-08-13,165,2,1,0,0,0,2,0,0,0,2,0,0,0,0,0,0,0,0,0,2,2,0,0,2,0,0,0,2,0,0,2,0,0,0,0,0,0,0,0,0,0,0,0
2020-08-14,166,2,1,0,0,0,2,0,0,0,2,0,0,0,0,0,0,0,0,0,2,2,0,0,2,0,0,0,2,0,0,2,0,0,0,0,0,0,0,0,0,0,0,0
2020-08-15,167,2,1,0,0,0,2,0,0,0,2,0,0,0,0,0,0,0,0,0,2,2,0,0,2,0,0,0,2,0,0,2,0,0,0,0,0,0,0,0,0,0,0,0
2020-08-16,168,2,1,0,0,0,2,0,0,0,2,0,0,0,0,0,0,0,0,0,2,2,0,0,2,0,0,0,2,0,0,2,0,0,0,0,0,0,0,0,0,0,0,0
2020-08-17,169,2,1,0,0,0,2,0,0,0,2,0,0,0,0,0,0,0,0,0,2,2,0,0,2,0,0,0,2,0,0,2,0,0,0,0,0,0,0,0,0,0,0,0
2020-08-18,170,2,1,0,0,0,2,0,0,0,2,0,0,0,0,0,0,0,0,0,2,2,0,0,2,0,0,0,2,0,0,2,0,0,0,0,0,0,0,0,0,0,0,0
2020-08-19,171,2,1,0,0,0,2,0,0,0,2,0,0,0,0,0,0,0,0,0,2,2,0,0,2,0,0,0,2,0,0,2,0,0,0,0,0,0,0,0,0,0,0,0
2020-08-20,172,2,1,0,0,0,2,0,0,0,2,0,0,0,0,0,0,0,0,0,2,2,0,0,2,0,0,0,2,0,0,2,0,0,0,0,0,0,0,0,0,0,0,0
2020-08-21,173,2,1,0,0,0,2,0,0,0,2,0,0,0,0,0,0,0,0,0,2,2,0,0,2,0,0,0,2,0,0,2,0,0,0,0,0,0,0,0,0,0,0,0
2020-08-22,174,2,1,0,0,0,2,0,0,0,2,0,0,0,0,0,0,0,0,0,2,2,0,0,2,0,0,0,2,0,0,2,0,0,0,0,0,0,0,0,0,0,0,0
2020-08-23,175,2,1,0,0,0,2,0,0,0,2,0,0,0,0,0,0,0,0,0,2,2,0,0,2,0,0,0,2,0,0,2,0,0,0,0,0,0,0,0,0,0,0,0
2020-08-24,176,2,1,0,0,0,2,0,0,0,2,0,0,0,0,0,0,0,0,0,2,2,0,0,2,0,0,0,2,0,0,2,0,0,0,0,0,0,0,0,0,0,0,0
2020-08-25,177,2,1,0,0,0,2,0,0,0,2,0,0,0,0,0,0,0,0,0,2,2,0,0,2,0,0,0,2,0,0,2,0,0,0,0,0,0,0,0,0,0,0,0
2020-08-26,178,2,1,0,0,0,2,0,0,0,2,0,0,0,0,0,0,0,0,0,2,2,0,0,2,0,0,0,2,0,0,2,0,0,0,0,0,0,0,0,0,0,0,0
2020-08-27,179,2,1,0,0,0,2,0,0,0,2,0,0,0,0,0,0,0,0,0,2,2,0,0,2,0,0,0,2,0,0,2,0,0,0,0,0,0,0,0,0,0,0,0
2020-08-28,180,2,1,0,0,0,2,0,0,0,2,0,0,0,0,0,0,0,0,0,2,2,0,0,2,0,0,0,2,0,0,2,0,0,0,0,0,0,0,0,0,0,0,0
2020-08-29,181,2,1,0,0,0,2,0,0,0,2,0,0,0,0,0,0,0,0,0,2,2,0,0,2,0,0,0,2,0,0,2,0,0,0,0,0,0,0,0,0,0,0,0
2020-08-30,182,2,1,0,0,0,2,0,0,0,2,0,0,0,0,0,0,0,0,0,2,2,0,0,2,0,0,0,2,0,0,2,0,0,0,0,0,0,0,0,0,0,0,0
2020-08-31,183,2,1,0,0,0,2,0,0,0,2,0,0,0,0,0,0,0,0,0,2,2,0,0,2,0,0,0,2,0,0,2,0,0,0,0,0,0,0,0,0,0,0,0
2020-09-01,184,2,1,0,0,0,2,0,0,0,2,0,0,0,0,0,0,0,0,0,2,2,0,0,2,0,0,0,2,0,0,2,0,0,0,0,0,0,0,0,0,0,0,0
2020-09-02,185,2,1,0,0,0,2,0,0,0,2,0,0,0,0,0,0,0,0,0,2,2,0,0,2,0,0,0,2,0,0,2,0,0,0,0,0,0,0,0,0,0,0,0
2020-09-03,186,2,1,0,0,0,2,0,0,0,2,0,0,0,0,0,0,0,0,0,2,2,0,0,2,0,0,0,2,0,0,2,0,0,0,0,0,0,0,0,0,0,0,0
2020-09-04,187,2,1,0,0,0,2,0,0,0,2,0,0,0,0,0,0,0,0,0,2,2,0,0,2,0,0,0,2,0,0,2,0,0,0,0,0,0,0,0,0,0,0,0
2020-09-05,188,2,1,0,0,0,2,0,0,0,2,0,0,0,0,0,0,0,0,0,2,2,0,0,2,0,0,0,2,0,0,2,0,0,0,0,0,0,0,0,0,0,0,0
2020-09-06,189,2,1,0,0,0,2,0,0,0,2,0,0,0,0,0,0,0,0,0,2,2,0,0,2,0,0,0,2,0,0,2,0,0,0,0,0,0,0,0,0,0,0,0
2020-09-07,190,2,1,0,0,0,2,0,0,0,2,0,0,0,0,0,0,0,0,0,2,2,0,0,2,0,0,0,2,0,0,2,0,0,0,0,0,0,0,0,0,0,0,0
2020-09-08,191,2,1,0,0,0,2,0,0,0,2,0,0,0,0,0,0,0,0,0,2,2,0,0,2,0,0,0,2,0,0,2,0,0,0,0,0,0,0,0,0,0,0,0
2020-09-09,192,2,1,0,0,0,2,0,0,0,2,0,0,0,0,0,0,0,0,0,2,2,0,0,2,0,0,0,2,0,0,2,0,0,0,0,0,0,0,0,0,0,0,0
2020-09-10,193,2,1,0,0,0,2,0,0,0,2,0,0,0,0,0,0,0,0,0,2,2,0,0,2,0,0,0,2,0,0,2,0,0,0,0,0,0,0,0,0,0,0,0
2020-09-11,194,2,1,0,0,0,2,0,0,0,2,0,0,0,0,0,0,0,0,0,2,2,0,0,2,0,0,0,2,0,0,2,0,0,0,0,0,0,0,0,0,0,0,0
2020-09-12,195,2,1,0,0,0,2,0,0,0,2,0,0,0,0,0,0,0,0,0,2,2,0,0,2,0,0,0,2,0,0,2,0,0,0,0,0,0,0,0,0,0,0,0
2020-09-13,196,2,1,0,0,0,2,0,0,0,2,0,0,0,0,0,0,0,0,0,2,2,0,0,2,0,0,0,2,0,0,2,0,0,0,0,0,0,0,0,0,0,0,0
2020-09-14,197,2,1,0,0,0,2,0,0,0,2,0,0,0,0,0,0,0,0,0,2,2,0,0,2,0,0,0,2,0,0,2,0,0,0,0,0,0,0,0,0,0,0,0
2020-09-15,198,2,1,0,0,0,2,0,0,0,2,0,0,0,0,0,0,0,0,0,2,2,0,0,2,0,0,0,2,0,0,2,0,0,0,0,0,0,0,0,0,0,0,0
2020-09-16,199,2,1,0,0,0,2,0,0,0,2,0,0,0,0,0,0,0,0,0,2,2,0,0,2,0,0,0,2,0,0,2,0,0,0,0,0,0,0,0,0,0,0,0
2020-09-17,200,2,1,0,0,0,2,0,0,0,2,0,0,0,0,0,0,0,0,0,2,2,0,0,2,0,0,0,2,0,0,2,0,0,0,0,0,0,0,0,0,0,0,0
2020-09-18,201,2,1,0,0,0,2,0,1,0,2,0,0,0,0,0,0,0,0,0,2,2,0,0,2,0,0,0,2,0,0,2,0,0,0,0,0,0,0,0,0,0,0,0
2020-09-19,202,2,1,0,0,0,2,0,1,0,2,0,0,0,0,0,0,0,0,0,2,2,0,0,2,0,0,0,2,0,0,2,0,0,0,0,0,0,0,0,0,0,0,0
2020-09-20,203,2,1,0,0,0,2,0,1,0,2,0,0,0,0,0,0,0,0,0,2,2,0,0,2,0,0,0,2,0,0,2,0,0,0,0,0,0,0,0,0,0,0,0
2020-09-21,204,2,1,0,0,0,2,0,1,0,2,0,0,0,0,0,0,0,0,0,2,2,0,0,2,0,0,0,2,0,0,2,0,0,0,0,0,0,0,0,0,0,0,0
2020-09-22,205,2,1,0,0,0,2,0,1,0,2,0,0,0,0,0,0,0,0,0,2,2,0,0,2,0,0,0,2,0,0,2,0,0,0,0,0,0,0,0,0,0,0,0
2020-09-23,206,2,1,0,0,0,2,0,2,0,2,0,1,0,1,0,0,0,0,0,2,2,0,0,2,0,0,2,2,0,0,2,0,0,0,0,0,0,0,0,0,0,0,0
2020-09-24,207,2,1,0,0,0,2,0,2,0,2,0,1,0,1,0,0,0,0,0,2,2,0,0,2,0,0,2,2,0,0,2,0,0,0,0,0,0,0,0,0,0,0,0
2020-09-25,208,2,1,0,0,0,2,0,2,0,2,0,1,0,1,0,0,0,0,0,2,2,0,0,2,0,0,2,2,0,0,2,0,0,0,0,0,0,0,0,0,0,0,0
2020-09-26,209,2,1,0,0,0,2,0,2,0,2,0,1,0,1,0,0,0,0,0,2,2,0,0,2,0,0,2,2,0,0,2,0,0,0,0,0,0,0,0,0,0,0,0
2020-09-27,210,2,1,0,0,0,2,0,2,0,2,0,1,0,1,0,0,0,0,0,2,2,0,0,2,0,0,2,2,0,0,2,0,0,0,0,0,0,0,0,0,0,0,0
2020-09-28,211,2,1,0,0,0,2,0,2,0,2,0,1,0,1,0,0,0,0,0,2,2,0,0,2,0,0,2,2,0,0,2,0,0,0,0,0,0,0,0,0,0,0,0
2020-09-29,212,2,1,0,0,0,2,0,2,0,2,0,1,0,1,0,0,0,0,0,2,2,0,0,2,0,0,2,2,0,0,2,0,0,0,0,0,0,0,0,0,0,0,0
2020-09-30,213,2,1,0,0,0,2,0,2,0,2,0,1,0,1,0,0,0,0,0,2,2,0,0,2,0,0,2,2,0,0,2,0,0,0,0,0,0,0,0,0,0,0,0
2020-10-01,214,2,1,0,0,0,2,0,2,0,2,0,1,0,1,0,0,0,0,0,2,2,0,0,2,0,0,2,2,0,0,2,0,0,0,0,0,0,0,0,0,0,0,0
2020-10-02,215,2,1,0,0,0,2,0,2,0,2,0,1,0,1,0,0,0,0,0,2,2,0,0,2,0,0,2,2,0,0,2,0,0,0,0,0,0,0,0,0,0,0,0
2020-10-03,216,2,1,0,0,0,2,0,2,0,2,0,1,0,1,0,0,0,0,0,2,2,0,0,2,0,0,2,2,0,0,2,0,0,0,0,0,0,0,0,0,0,0,0
2020-10-04,217,2,1,0,0,0,2,0,2,0,2,0,1,0,1,0,0,0,0,0,2,2,0,0,2,0,0,2,2,0,0,2,0,0,0,0,0,0,0,0,0,0,0,0
2020-10-05,218,2,1,0,0,0,2,0,2,0,2,0,1,0,1,0,0,0,0,0,2,2,0,0,2,0,0,2,2,0,0,2,0,0,0,0,0,0,0,0,0,0,0,0
2020-10-06,219,2,1,0,0,0,2,0,2,0,2,0,1,0,1,0,0,0,0,0,2,2,0,0,2,0,0,2,2,0,0,2,0,0,0,0,0,0,0,0,0,0,0,0
2020-10-07,220,2,1,0,0,0,2,0,2,0,2,0,1,0,1,0,0,0,0,0,2,2,0,0,2,0,0,2,2,0,0,2,0,0,0,0,0,0,0,0,0,0,0,0
2020-10-08,221,2,1,0,0,0,2,0,2,0,2,0,1,0,1,0,0,0,0,0,2,2,0,0,2,0,0,2,2,0,0,2,0,0,0,0,0,0,0,0,0,0,0,0
2020-10-09,222,2,1,0,0,0,2,0,2,0,2,0,1,0,1,0,0,0,0,0,2,2,0,0,2,0,0,2,2,0,0,2,0,0,0,0,0,0,0,0,0,0,0,0
2020-10-10,223,2,1,0,0,0,2,0,2,0,2,0,1,0,1,0,0,0,0,0,2,2,0,0,2,0,0,2,2,0,0,2,0,0,0,0,0,0,0,0,0,0,0,0
2020-10-11,224,2,1,0,0,0,2,0,2,0,2,0,1,0,1,0,0,0,0,0,2,2,0,0,2,0,0,2,2,0,0,2,0,0,0,0,0,0,0,0,0,0,0,0
2020-10-12,225,2,1,0,0,0,2,0,2,0,2,0,1,0,1,0,0,0,0,0,2,2,0,0,2,0,0,2,2,0,0,2,0,0,0,0,0,0,0,0,0,0,0,0
2020-10-13,226,2,1,0,0,0,2,0,2,0,2,0,1,0,1,0,0,0,0,0,2,2,0,0,2,0,0,2,2,0,0,2,0,0,0,0,0,0,0,0,0,0,0,0
2020-10-14,227,2,1,0,0,0,2,0,2,0,2,0,1,0,1,0,0,0,0,0,2,2,0,0,2,0,0,2,2,0,0,2,0,0,0,0,0,0,0,0,0,0,0,0
2020-10-15,228,2,1,0,0,0,2,0,2,0,2,0,1,0,1,0,0,0,0,0,2,2,0,0,2,0,0,2,2,0,0,2,0,0,0,0,0,0,0,0,0,0,0,0
2020-10-16,229,2,1,0,0,0,2,2,2,0,2,0,1,0,1,0,0,0,0,0,2,2,0,0,2,0,0,1,2,0,0,2,0,0,0,0,0,0,0,0,0,0,0,0
2020-10-17,230,2,1,0,0,0,2,2,2,0,2,0,1,0,1,1,0,0,0,0,2,2,0,0,2,0,0,1,2,0,1,2,0,0,0,0,0,0,0,0,0,0,0,0
2020-10-18,231,2,1,0,0,0,2,2,2,0,2,0,1,0,1,1,0,0,0,0,2,2,0,0,2,0,0,1,2,0,1,2,0,0,0,0,0,0,0,0,0,0,0,0
2020-10-19,232,2,1,0,0,0,2,2,0,0,2,0,1,0,1,1,0,0,0,0,2,2,0,0,2,0,1,1,2,0,1,2,0,0,0,0,0,0,2,0,0,0,0,0
2020-10-20,233,2,1,0,0,0,2,2,0,0,2,0,1,0,1,1,0,0,0,0,2,2,0,0,2,0,1,1,2,0,1,2,0,0,0,0,0,0,2,0,0,0,0,0
2020-10-21,234,2,1,0,0,0,2,2,0,0,2,0,1,0,1,1,0,0,0,0,2,2,0,0,2,0,1,1,2,0,1,2,0,0,0,0,0,0,2,0,0,0,0,0
2020-10-22,235,2,1,0,0,0,2,2,0,2,2,0,1,0,1,1,0,0,0,0,2,2,0,0,2,0,1,1,2,0,1,2,0,0,0,0,0,0,2,0,0,0,0,0
2020-10-23,236,2,1,0,0,0,2,2,0,2,2,0,1,0,1,1,0,0,0,0,2,2,0,0,2,0,1,1,2,0,1,2,0,0,0,0,0,0,2,0,0,0,0,0
2020-10-24,237,2,1,0,0,0,2,2,0,2,2,0,1,0,1,1,0,0,0,0,2,2,0,0,2,0,1,1,2,0,1,2,0,0,0,0,0,0,2,0,0,0,0,0
2020-10-25,238,2,1,0,0,0,2,2,0,2,2,0,1,0,1,1,0,0,0,0,2,2,0,0,2,0,1,1,2,0,1,2,0,0,0,0,0,0,2,0,0,0,0,0
2020-10-26,239,2,1,0,0,0,2,2,0,2,2,0,1,0,1,1,0,0,0,0,2,2,0,0,2,0,1,1,2,0,1,2,0,0,0,0,0,0,2,0,0,0,0,0
2020-10-27,240,2,1,0,0,0,2,2,0,2,2,0,1,0,1,1,0,0,0,0,2,2,0,0,2,0,1,1,2,0,1,2,0,0,0,0,2,0,2,0,0,0,0,0
2020-10-28,241,2,1,0,0,0,2,2,0,2,2,2,1,0,2,1,0,0,0,0,2,2,0,0,2,0,1,1,2,0,1,2,0,0,0,0,2,1,2,0,0,0,0,0
2020-10-29,242,2,1,0,0,0,0,2,0,2,2,2,2,2,2,2,0,0,0,0,2,2,0,0,2,0,2,2,2,0,0,0,0,0,0,0,2,1,2,0,0,0,0,0
2020-10-30,243,2,1,0,0,0,0,2,0,2,2,2,2,2,2,2,0,0,0,0,2,2,0,0,2,0,2,2,2,0,0,0,0,0,0,0,2,1,2,0,0,0,0,0
2020-10-31,244,2,1,0,0,0,0,2,0,2,2,2,2,2,2,2,0,0,0,0,2,2,0,0,2,0,2,2,2,0,0,0,0,0,0,0,2,1,2,0,0,0,0,0
2020-11-01,245,2,1,0,0,0,0,2,0,2,2,2,2,2,2,2,0,0,0,0,2,2,0,0,2,0,2,2,2,0,0,0,0,0,0,0,2,1,2,0,0,0,0,0
2020-11-02,246,2,1,0,0,0,0,2,0,2,2,2,2,2,2,2,0,0,0,0,2,2,0,0,2,0,2,2,2,0,0,0,0,0,0,0,2,1,2,0,0,0,0,0
2020-11-03,247,2,1,0,0,0,0,2,0,2,2,2,2,2,2,2,0,0,0,0,2,2,0,0,2,0,2,2,2,0,0,0,0,0,0,0,2,1,2,0,0,0,0,0
2020-11-04,248,2,1,0,0,0,0,2,0,2,2,2,2,2,2,2,0,0,0,0,2,2,0,0,2,0,2,2,2,0,0,0,0,0,0,0,2,1,2,0,0,0,0,0
2020-11-05,249,2,1,0,0,0,0,2,0,2,2,2,2,2,2,2,0,0,0,0,2,2,0,0,2,0,2,2,2,0,0,0,0,0,0,0,2,1,2,0,0,0,0,0
2020-11-06,250,2,1,0,0,0,0,2,0,2,2,2,2,2,2,2,0,0,0,0,2,2,0,0,2,0,2,2,2,0,0,0,0,0,0,0,2,1,2,0,0,0,0,0
2020-11-07,251,2,1,0,0,0,0,2,0,2,2,2,2,2,2,2,0,0,0,0,2,2,0,0,2,0,2,2,2,0,0,0,0,0,0,0,2,1,2,0,0,0,0,0
2020-11-08,252,2,1,0,0,0,0,2,0,2,2,2,2,2,2,2,0,0,0,0,2,2,0,0,2,0,2,2,2,0,0,0,0,0,0,0,2,1,2,0,0,0,0,0
2020-11-09,253,2,1,0,0,0,0,2,0,2,2,2,2,2,2,2,0,0,0,0,2,2,0,0,2,0,2,2,2,0,0,0,0,0,0,0,2,1,2,0,0,0,0,0
2020-11-10,254,2,1,0,0,0,0,2,0,2,2,2,2,2,2,2,0,0,0,0,2,2,0,0,2,0,2,2,2,0,0,0,0,0,0,0,2,1,2,0,0,0,0,0
2020-11-11,255,2,1,0,0,0,0,2,0,2,2,2,2,2,2,2,0,0,0,0,2,2,0,0,2,0,2,2,2,0,0,0,0,0,0,0,2,1,2,0,0,0,0,0
2020-11-12,256,2,1,0,0,0,0,2,0,2,2,2,2,2,2,2,0,0,0,0,2,2,0,0,2,0,2,2,2,0,0,0,0,0,0,0,2,1,2,0,0,0,0,0
2020-11-13,257,2,1,0,0,0,0,2,0,2,2,2,2,2,2,2,0,0,0,0,2,2,0,0,2,0,2,2,2,0,0,0,0,0,0,0,2,1,2,0,0,0,0,0
2020-11-14,258,2,1,0,0,0,0,2,0,2,2,2,2,2,2,2,0,0,0,0,2,2,0,0,2,0,2,2,2,0,0,0,0,0,0,0,2,1,2,0,0,0,0,0
2020-11-15,259,2,1,0,0,0,0,2,0,2,2,2,2,2,2,2,0,0,0,0,2,2,0,0,2,0,2,2,2,0,0,0,0,0,0,0,2,1,2,0,0,0,0,0
2020-11-16,260,2,1,0,0,0,0,2,0,2,2,2,2,2,2,2,0,0,0,0,2,2,0,0,2,0,2,2,2,0,0,0,0,0,0,0,2,1,2,0,0,0,0,0
2020-11-17,261,2,1,0,0,0,0,2,0,2,2,2,2,2,2,2,0,0,0,0,2,2,0,0,2,0,2,2,2,0,0,0,0,0,0,0,2,1,2,0,0,0,0,0
2020-11-18,262,2,1,0,0,0,0,2,0,2,2,2,2,2,2,2,0,0,0,0,2,2,0,0,2,0,2,2,2,0,0,0,0,0,0,0,2,1,2,0,0,0,0,0
2020-11-19,263,2,1,0,0,0,0,2,0,2,2,2,2,2,2,2,0,0,0,0,2,2,0,0,2,0,2,2,2,0,0,0,0,0,0,0,2,1,2,0,0,0,0,0
2020-11-20,264,2,1,0,0,0,0,2,0,2,2,2,2,2,2,2,0,0,0,0,2,2,0,0,2,0,2,2,2,0,0,0,0,0,0,0,2,1,2,0,0,0,0,0
2020-11-21,265,2,1,0,0,0,0,2,0,2,2,2,2,2,2,2,0,0,0,0,2,2,0,0,2,0,2,2,2,0,0,0,0,0,0,0,2,1,2,0,0,0,0,0
2020-11-22,266,2,1,0,0,0,0,2,0,2,2,2,2,2,2,2,0,0,0,0,2,2,0,0,2,0,2,2,2,0,0,0,0,0,0,0,2,1,2,0,0,0,0,0
2020-11-23,267,2,1,0,0,0,0,2,0,2,2,2,2,2,2,2,0,0,0,0,2,2,0,0,2,0,2,2,2,0,0,0,0,0,0,0,2,1,2,0,0,0,0,0
2020-11-24,268,2,1,0,0,0,0,2,0,2,2,2,2,2,2,2,0,0,0,0,2,2,0,0,2,0,2,2,2,0,0,0,0,0,0,0,2,1,2,0,0,0,0,0
2020-11-25,269,2,1,0,0,0,0,2,0,2,2,2,2,2,2,2,0,0,0,0,2,2,0,0,2,0,2,2,2,0,0,0,0,0,0,0,2,1,2,0,0,0,0,0
2020-11-26,270,2,1,0,0,0,0,2,0,2,2,2,2,2,2,2,0,0,0,0,2,2,0,0,2,0,2,2,2,0,0,0,0,0,0,0,2,1,2,0,0,0,0,0
2020-11-27,271,2,1,0,0,0,0,2,0,2,2,2,2,2,2,2,0,0,0,0,2,2,0,0,2,0,2,2,2,0,0,0,0,0,0,0,2,1,2,0,0,0,0,0
2020-11-28,272,2,1,0,0,0,0,2,0,2,2,2,2,2,2,2,0,0,0,0,2,2,0,0,2,0,2,2,2,0,0,0,0,0,0,0,2,1,2,0,0,0,0,0
2020-11-29,273,2,1,0,0,0,0,2,0,2,2,2,2,1,2,2,0,0,0,0,2,2,0,0,2,0,2,2,2,0,0,0,0,0,0,0,2,1,2,0,0,0,0,0
2020-11-30,274,2,1,0,0,0,0,2,0,2,2,2,2,1,2,2,0,0,0,0,2,2,0,0,2,0,2,2,2,0,0,0,0,0,0,0,2,1,2,0,0,0,0,0
2020-12-01,275,2,1,0,0,0,0,2,0,2,2,2,2,1,2,2,0,0,0,0,2,2,0,0,2,0,2,2,2,0,0,0,0,0,0,0,2,1,2,0,0,0,0,0
2020-12-02,276,2,1,0,0,0,0,2,0,2,2,2,2,1,2,2,0,0,0,0,2,2,0,0,2,0,2,2,2,0,0,0,0,0,0,0,2,1,2,0,0,0,0,0
2020-12-03,277,2,1,0,0,0,0,2,0,2,2,2,2,1,2,2,0,0,0,0,2,2,0,0,2,0,2,2,2,0,0,0,0,0,0,0,2,1,2,0,0,0,0,0
2020-12-04,278,2,1,0,0,0,0,2,0,2,2,2,2,1,2,2,0,0,0,0,2,2,0,0,2,0,2,2,2,0,0,0,0,0,0,0,2,1,2,0,0,0,0,0
2020-12-05,279,2,1,0,0,0,0,2,0,2,2,2,2,1,2,2,0,0,0,0,2,2,0,0,2,0,2,2,2,0,0,0,0,0,0,0,2,1,2,0,0,0,0,0
2020-12-06,280,2,1,0,0,0,0,2,0,2,2,2,2,1,2,2,0,0,0,0,2,2,0,0,2,0,2,2,2,0,0,0,0,0,0,0,2,1,2,0,0,0,0,0
2020-12-07,281,2,1,0,0,0,0,2,0,2,2,2,2,1,2,2,0,0,0,0,2,2,0,0,2,0,2,2,2,0,0,0,0,0,0,0,2,1,2,0,0,0,0,0
2020-12-08,282,2,1,0,0,0,0,2,0,2,2,2,2,1,2,2,0,0,0,0,2,2,0,0,2,0,2,2,2,0,0,0,0,0,0,0,2,1,2,0,0,0,0,0
2020-12-09,283,2,1,0,0,0,0,2,0,2,2,2,2,1,2,2,0,0,0,0,2,2,0,0,2,0,2,2,2,0,0,0,0,0,0,0,2,1,2,0,0,0,0,0
2020-12-10,284,2,1,0,0,0,0,2,0,2,2,2,2,1,2,2,0,0,0,0,2,2,0,0,2,0,2,2,2,0,0,0,0,0,0,0,2,1,2,0,0,0,0,0
2020-12-11,285,2,1,0,0,0,0,2,0,2,2,2,2,1,2,2,0,0,0,0,2,2,0,0,2,0,2,2,2,0,0,0,0,0,0,0,2,1,2,0,0,0,0,0
2020-12-12,286,2,1,0,0,0,0,2,0,2,2,2,2,1,2,2,0,0,0,0,2,2,0,0,2,0,2,2,2,0,0,0,0,0,0,0,2,1,2,0,0,0,0,0
2020-12-13,287,2,1,0,0,0,0,2,0,2,2,2,2,1,2,2,0,0,0,0,2,2,0,0,2,0,2,2,2,0,0,0,0,0,0,0,2,1,2,0,0,0,0,0
2020-12-14,288,2,1,0,0,0,0,2,0,2,2,2,2,1,2,2,0,0,0,0,2,2,0,0,2,0,2,2,2,0,0,0,0,0,0,0,2,1,2,0,0,0,0,0
2020-12-15,289,2,1,0,0,0,0,2,0,2,2,2,2,1,2,1,0,0,0,0,2,2,0,0,2,0,2,2,2,0,0,0,0,0,0,0,2,1,2,0,0,0,0,0
2020-12-16,290,2,1,0,0,0,0,2,0,2,2,2,2,1,0,1,0,0,0,0,2,2,0,0,2,0,2,2,2,0,0,0,0,0,0,0,2,1,2,0,0,0,0,0
2020-12-17,291,2,1,0,0,0,0,2,0,2,2,2,2,1,0,1,0,0,0,0,2,2,0,0,2,0,2,2,2,0,0,0,0,0,0,0,2,1,2,0,0,0,0,0
2020-12-18,292,2,1,0,0,0,0,2,0,2,2,2,2,1,0,1,0,0,0,0,2,2,0,0,2,0,2,2,2,0,0,0,0,0,0,0,2,1,2,0,0,0,0,0
2020-12-19,293,2,1,0,0,0,0,2,0,2,2,2,2,1,0,1,0,0,0,0,2,2,0,0,2,0,2,2,2,0,0,0,0,0,0,0,2,1,2,0,0,0,0,0
2020-12-20,294,2,1,0,0,0,0,2,0,2,2,2,2,1,0,1,0,0,0,0,2,2,0,0,2,0,2,2,2,0,0,0,0,0,0,0,2,1,2,0,0,0,0,0
2020-12-21,295,2,1,0,0,0,0,2,0,2,2,2,2,1,0,1,0,0,0,0,2,2,0,0,2,0,2,2,2,0,0,0,0,0,0,0,2,1,2,0,0,0,0,0
2020-12-22,296,2,1,0,0,0,0,2,0,2,2,2,2,1,0,1,0,0,0,0,2,2,0,0,2,0,2,2,2,0,0,0,0,0,0,0,2,1,2,0,0,0,0,0
2020-12-23,297,2,1,0,0,0,0,2,0,2,2,2,2,1,0,1,0,0,0,0,2,2,0,0,2,0,2,2,2,0,0,0,0,0,0,0,2,1,2,0,0,0,0,0
2020-12-24,298,2,1,0,0,0,0,2,0,2,2,2,2,1,0,1,0,0,0,0,2,2,0,0,2,0,2,2,2,0,0,0,0,0,0,0,2,1,2,0,0,0,0,0
2020-12-25,299,2,1,0,0,0,0,2,0,2,2,2,2,1,0,1,0,0,0,0,2,2,0,0,2,0,2,2,2,0,0,0,0,0,0,0,2,1,2,0,0,0,0,0
2020-12-26,300,2,1,0,0,0,0,2,0,2,2,2,2,1,0,1,0,0,0,0,2,2,0,0,2,0,2,2,2,0,0,0,0,0,0,0,2,1,2,0,0,0,0,0
2020-12-27,301,2,1,0,0,0,0,2,0,2,2,2,2,1,0,1,0,0,0,0,2,2,0,0,2,0,2,2,2,0,0,0,0,0,0,0,2,1,2,0,0,0,0,0
2020-12-28,302,2,1,0,0,0,0,2,0,2,2,2,2,1,0,1,0,0,0,0,2,2,0,0,2,0,2,2,2,0,0,0,0,0,0,0,2,1,2,0,0,0,0,0
2020-12-29,303,2,1,0,0,0,0,2,0,2,2,2,2,1,0,1,0,0,0,0,2,2,0,0,2,0,2,2,2,0,0,0,0,0,0,0,2,1,2,0,0,0,0,0
2020-12-30,304,2,1,0,0,0,0,2,0,2,2,2,2,1,0,1,0,0,0,0,2,2,0,0,2,0,2,2,2,0,0,0,0,0,0,0,2,1,2,0,0,0,0,0
2020-12-31,305,2,1,0,0,0,0,2,0,2,2,2,2,1,0,1,0,0,0,0,2,2,0,0,2,0,2,2,2,0,0,0,0,0,0,0,2,1,2,0,0,0,0,0
2021-01-01,306,2,1,0,0,0,0,2,0,2,2,2,2,1,0,1,0,0,0,0,2,2,0,0,2,0,2,2,2,0,0,0,0,0,0,0,2,1,2,0,0,0,0,0
2021-01-02,307,2,1,0,0,0,0,2,0,2,2,2,2,1,0,1,0,0,0,0,2,2,0,0,2,0,2,2,2,0,0,0,0,0,0,0,2,1,2,0,0,0,0,0
2021-01-03,308,2,1,0,0,0,0,2,0,2,2,2,2,1,0,1,0,0,0,0,2,2,0,0,2,0,2,2,2,0,0,0,0,0,0,0,2,1,2,0,0,0,0,0
2021-01-04,309,2,1,0,0,0,0,2,0,2,2,2,2,1,0,1,0,0,0,0,2,2,0,0,2,0,2,2,2,0,0,0,0,0,0,0,2,1,2,0,0,0,0,0
2021-01-05,310,2,1,0,0,0,0,2,0,2,2,2,2,1,0,1,0,0,0,0,2,2,0,0,2,0,2,2,2,0,0,0,0,0,0,0,2,1,2,0,0,0,0,0
2021-01-06,311,2,1,0,0,0,0,2,0,2,2,2,2,1,0,1,0,0,0,0,2,2,0,0,2,0,2,2,2,0,0,0,0,0,0,0,2,1,2,0,0,0,0,0
2021-01-07,312,2,1,0,0,0,0,2,0,2,2,2,2,1,0,1,0,0,0,0,2,2,0,0,2,0,2,2,2,0,0,0,0,0,0,0,2,1,2,0,0,0,0,0
2021-01-08,313,2,1,0,0,0,0,2,0,2,2,2,2,1,0,1,0,0,0,0,2,2,0,0,2,0,2,2,2,0,0,0,0,0,0,0,2,1,2,0,0,0,0,0
2021-01-09,314,2,1,0,0,0,0,2,0,2,2,2,2,1,0,1,0,0,0,0,2,2,0,0,2,0,2,2,2,0,0,0,0,0,0,0,2,1,2,0,0,0,0,0
2021-01-10,315,2,1,0,0,0,0,2,0,2,2,2,2,1,0,1,0,0,0,0,2,2,0,0,2,0,2,2,2,0,0,0,0,0,0,0,2,1,2,0,0,0,0,0
2021-01-11,316,2,1,0,0,0,0,2,0,2,2,2,2,1,0,1,0,0,0,0,2,2,0,0,2,0,2,2,2,0,0,0,0,0,0,0,2,1,2,0,0,0,0,0
2021-01-12,317,2,1,0,0,0,0,2,0,2,2,2,2,1,0,1,0,0,0,0,2,2,0,0,2,0,2,2,2,0,0,0,0,0,0,0,2,1,2,0,0,0,0,0
2021-01-13,318,2,1,0,0,0,0,2,0,2,2,2,2,1,0,1,0,0,0,0,2,2,0,0,2,0,2,2,2,0,0,0,0,0,0,0,2,1,2,0,0,0,0,0
2021-01-14,319,2,1,0,0,0,0,2,0,2,2,2,2,1,0,1,0,0,0,0,2,2,0,0,2,0,2,2,2,0,0,0,0,0,0,0,2,1,2,0,0,0,0,0
2021-01-15,320,2,1,0,0,0,0,2,0,2,2,2,2,1,0,1,0,0,0,0,2,2,0,0,2,0,2,2,2,0,0,0,0,0,0,0,2,1,2,0,0,0,0,0
2021-01-16,321,2,1,0,0,0,0,2,0,2,2,2,2,1,0,1,0,0,0,0,2,2,0,0,2,0,2,2,2,0,0,0,0,0,0,0,2,1,2,0,0,0,0,0
2021-01-17,322,2,1,0,0,0,0,2,0,2,2,2,2,1,0,1,0,0,0,0,2,2,0,0,2,0,2,2,2,0,0,0,0,0,0,0,2,1,2,0,0,0,0,0
2021-01-18,323,2,1,0,0,0,0,2,0,2,2,2,2,1,0,1,0,0,0,0,2,2,0,0,2,0,2,2,2,0,0,0,0,0,0,0,2,1,2,0,0,0,0,0
2021-01-19,324,2,1,0,0,0,0,2,0,2,2,2,2,1,0,1,0,0,0,0,2,2,0,0,2,0,2,2,2,0,0,0,0,0,0,0,2,1,2,0,0,0,0,0
2021-01-20,325,2,1,0,0,0,0,2,0,2,2,2,2,1,0,1,0,0,0,0,2,2,0,0,2,0,2,2,2,0,0,0,0,0,0,0,2,1,2,0,0,0,0,0
2021-01-21,326,2,1,0,0,0,0,2,0,2,2,2,2,1,0,1,0,0,0,0,2,2,0,0,2,0,2,2,2,0,0,0,0,0,0,0,2,1,2,0,0,0,0,0
2021-01-22,327,2,1,0,0,0,0,2,0,2,2,2,2,1,0,1,0,0,0,0,2,2,0,0,2,0,2,2,2,0,0,0,0,0,0,0,2,1,2,0,0,0,0,0
2021-01-23,328,2,1,0,0,0,0,2,0,2,2,2,2,1,0,1,0,0,0,0,2,2,0,0,2,0,2,2,2,0,0,0,0,0,0,0,2,1,2,0,0,0,0,0
2021-01-24,329,2,1,0,0,0,0,2,0,2,2,2,2,1,0,1,0,0,0,0,2,2,0,0,2,0,2,2,2,0,0,0,0,0,0,0,2,1,2,0,0,0,0,0
2021-01-25,330,2,1,0,0,0,0,2,0,2,2,2,2,1,0,1,0,0,0,0,2,2,0,0,2,0,2,2,2,0,0,0,0,0,0,0,1,1,2,0,0,0,0,0
2021-01-26,331,2,1,0,0,0,0,2,0,2,2,2,2,1,0,1,0,0,0,0,2,2,0,0,2,0,2,2,2,0,0,0,0,0,0,0,1,1,2,0,0,0,0,0
2021-01-27,332,2,1,0,0,0,0,2,0,2,2,2,2,1,0,1,0,0,0,0,2,2,0,0,2,0,2,2,2,0,0,0,0,0,0,0,1,1,2,0,0,0,0,0
2021-01-28,333,2,1,0,0,0,0,2,0,2,2,2,2,1,0,1,0,0,0,0,2,2,0,0,2,0,2,2,2,0,0,0,0,0,0,0,1,1,2,0,0,0,0,0
2021-01-29,334,2,1,0,0,0,0,2,0,2,2,2,2,1,0,1,0,0,0,0,2,2,0,0,2,0,2,2,2,0,0,0,0,0,0,0,1,1,2,0,0,0,0,0
2021-01-30,335,2,1,0,0,0,0,2,0,2,2,2,2,1,0,1,0,0,0,0,2,2,0,0,2,0,2,2,2,0,0,0,0,0,0,0,1,1,2,0,0,0,0,0
2021-01-31,336,2,1,0,0,0,0,2,0,2,2,2,2,1,0,1,0,0,0,0,2,2,0,0,2,0,2,2,2,0,0,0,0,0,0,0,1,1,2,0,0,0,0,0
2021-02-01,337,2,1,0,0,0,0,2,0,2,2,2,2,1,0,1,0,0,0,0,2,2,0,0,2,0,2,2,2,0,0,0,0,0,0,0,1,1,2,0,0,0,0,0
2021-02-02,338,2,1,0,0,0,0,2,0,2,2,2,2,1,0,1,0,0,0,0,2,2,0,0,2,0,2,2,2,0,0,0,0,0,0,0,1,1,2,0,0,0,0,0
2021-02-03,339,2,1,0,0,0,0,2,0,2,2,2,2,1,0,1,0,0,0,0,2,2,0,0,2,0,2,2,2,0,0,0,0,0,0,0,1,1,2,0,0,0,0,0
2021-02-04,340,2,1,0,0,0,0,2,0,2,2,2,2,1,0,1,0,0,0,0,2,2,0,0,2,0,2,2,2,0,0,0,0,0,0,0,1,1,2,0,0,0,0,0
2021-02-05,341,2,1,0,0,0,0,2,0,2,2,2,2,1,0,1,0,0,0,0,2,2,0,0,2,0,2,2,2,0,0,0,0,0,0,0,1,1,2,0,0,0,0,0
2021-02-06,342,2,1,0,0,0,0,2,0,2,2,2,2,1,0,1,0,0,0,0,2,2,0,0,2,0,2,2,2,0,0,0,0,0,0,0,1,1,2,0,0,0,0,0
2021-02-07,343,2,1,0,0,0,0,2,0,2,2,2,2,1,0,1,0,0,0,0,2,2,0,0,2,0,2,2,2,0,0,0,0,0,0,0,1,1,2,0,0,0,0,0
2021-02-08,344,2,1,0,0,0,0,2,0,2,2,2,2,1,0,1,0,0,0,0,2,2,0,0,2,0,2,2,2,0,0,0,0,0,0,0,1,1,2,0,0,0,0,0
2021-02-09,345,2,1,0,0,0,0,2,0,2,2,2,2,1,0,1,0,0,0,0,2,2,0,0,2,0,2,2,2,0,0,0,0,0,0,0,1,1,2,0,0,0,0,0
2021-02-10,346,2,1,0,0,0,0,2,0,2,2,2,2,1,0,1,0,0,0,0,2,2,0,0,2,0,2,2,2,0,0,0,0,0,0,0,1,1,2,0,0,0,0,0
2021-02-11,347,2,1,0,0,0,0,2,0,2,2,2,2,1,0,1,0,0,0,0,2,2,0,0,2,0,2,2,2,0,0,0,0,0,0,0,1,1,2,0,0,0,0,0
2021-02-12,348,2,1,0,0,0,0,2,0,2,2,2,2,1,0,1,0,0,0,0,2,2,0,0,2,0,2,2,2,0,0,0,0,0,0,0,1,1,2,0,0,0,0,0
2021-02-13,349,2,1,0,0,0,0,2,0,2,2,2,2,1,0,1,0,0,0,0,2,2,0,0,2,0,2,2,2,0,0,0,0,0,0,0,1,1,2,0,0,0,0,0
2021-02-14,350,2,1,0,0,0,0,2,0,2,2,2,2,1,0,1,0,0,0,0,2,2,0,0,2,0,2,2,2,0,0,0,0,0,0,0,1,1,2,0,0,0,0,0
2021-02-15,351,2,1,0,0,0,0,2,0,2,2,2,2,1,0,1,0,0,0,0,2,2,0,0,2,0,2,2,2,0,0,0,0,0,0,0,1,1,2,0,0,0,0,0
2021-02-16,352,2,1,0,0,0,0,2,0,2,2,2,2,1,0,1,0,0,0,0,2,2,0,0,2,0,2,2,2,0,0,0,0,0,0,0,1,1,2,0,0,0,0,0
2021-02-17,353,2,1,0,0,0,0,2,0,2,2,2,2,1,0,1,0,0,0,0,2,2,0,0,2,0,2,2,2,0,0,0,0,0,0,0,1,1,2,0,0,0,0,0
2021-02-18,354,2,1,0,0,0,0,2,0,2,2,2,2,1,0,1,0,0,0,0,2,2,0,0,2,0,2,2,2,0,0,0,0,0,0,0,1,1,2,0,0,0,0,0
2021-02-19,355,2,1,0,0,0,0,2,0,2,2,2,2,1,0,1,0,0,0,0,2,2,0,0,2,0,2,2,2,0,0,0,0,0,0,0,1,1,2,0,0,0,0,0
2021-02-20,356,2,1,0,0,0,0,2,0,2,2,2,2,1,0,1,0,0,0,0,2,2,0,0,2,0,2,2,2,0,0,0,0,0,0,0,1,1,2,0,0,0,0,0
2021-02-21,357,2,1,0,0,0,0,2,0,2,2,2,2,1,0,1,0,0,0,0,2,2,0,0,2,0,2,2,2,0,0,0,0,0,0,0,1,1,2,0,0,0,0,0
2021-02-22,358,2,1,0,0,0,0,2,0,2,2,2,2,1,0,1,0,0,0,0,2,2,0,0,2,0,2,2,2,0,0,0,0,0,0,0,1,1,2,0,0,0,0,0
2021-02-23,359,2,1,0,0,0,0,2,0,2,2,2,2,1,0,1,0,0,0,0,2,2,0,0,2,0,2,2,2,0,0,0,0,0,0,0,1,1,2,0,0,0,0,0
2021-02-24,360,2,1,0,0,0,0,2,0,2,2,2,2,1,0,1,0,0,0,0,2,2,0,0,2,0,2,2,2,0,0,0,0,0,0,0,1,1,2,0,0,0,0,0
2021-02-25,361,2,1,0,0,0,0,2,0,2,2,2,2,1,0,1,0,0,0,0,2,2,0,0,2,0,2,2,2,0,0,0,0,0,0,0,1,1,2,0,0,0,0,0
2021-02-26,362,2,1,0,0,0,0,2,0,2,2,2,2,1,0,1,0,0,0,0,2,2,0,0,2,0,2,2,2,0,0,0,0,0,0,0,1,1,2,0,0,0,0,0
2021-02-27,363,2,1,0,0,0,0,2,0,2,2,2,2,1,0,1,0,0,0,0,2,2,0,0,2,0,2,2,2,0,0,0,0,0,0,0,1,1,2,0,0,0,0,0
2021-02-28,364,2,1,0,0,0,0,2,0,2,2,2,2,1,0,1,0,0,0,0,2,2,0,0,2,0,2,2,2,0,0,0,0,0,0,0,1,1,2,0,0,0,0,0
2021-03-01,365,2,1,0,0,0,0,2,0,2,2,2,2,1,0,1,0,0,0,0,2,2,0,0,2,0,2,2,2,0,0,0,0,0,0,0,1,1,2,0,0,0,0,0
2021-03-02,366,2,1,0,0,0,0,2,0,2,2,2,2,1,0,1,0,0,0,0,2,2,0,0,2,0,2,2,2,0,0,0,0,0,0,0,1,1,2,0,0,0,0,0
2021-03-03,367,2,1,0,0,0,0,2,0,2,2,2,2,1,0,1,0,0,0,0,2,2,0,0,2,0,2,2,2,0,0,0,0,0,0,0,1,1,2,0,0,0,0,0
2021-03-04,368,2,1,0,0,0,0,2,0,2,2,2,2,1,0,1,0,0,0,0,2,2,0,0,2,0,2,2,2,0,0,0,0,0,0,0,1,1,2,0,0,0,0,0
2021-03-05,369,2,1,0,0,0,0,2,0,2,2,2,2,1,0,1,0,0,0,0,2,2,0,0,2,0,2,2,2,0,0,0,0,0,0,0,1,1,2,0,0,0,0,0
2021-03-06,370,2,1,0,0,0,0,2,0,2,2,2,2,1,0,1,0,0,0,0,2,2,0,0,2,0,2,2,2,0,0,0,0,0,0,0,1,1,2,0,0,0,0,0
2021-03-07,371,2,1,0,0,0,0,2,0,2,2,2,2,1,0,1,0,0,0,0,2,2,0,0,2,0,2,2,2,0,0,0,0,0,0,0,1,1,2,0,0,0,0,0
2021-03-08,372,2,1,0,0,0,0,2,0,2,2,2,2,1,0,1,0,0,0,0,2,2,0,0,2,0,2,2,2,0,0,0,0,0,0,0,1,1,2,0,0,0,0,0
2021-03-09,373,2,1,0,0,0,0,2,0,2,2,2,2,1,0,1,0,0,0,0,2,2,0,0,2,0,2,2,2,0,0,0,0,0,0,0,1,1,2,0,0,0,0,0
2021-03-10,374,2,1,0,0,0,0,2,0,2,2,2,2,1,0,1,0,0,0,0,2,2,0,0,2,0,2,2,2,0,0,0,0,0,0,0,1,1,2,0,0,0,0,0
2021-03-11,375,2,1,0,0,0,0,2,0,2,2,2,2,1,0,1,0,0,0,0,2,2,0,0,2,0,2,2,2,0,0,0,0,0,0,0,1,1,2,0,0,0,0,0
2021-03-12,376,2,1,0,0,0,0,2,0,2,2,2,2,1,0,1,0,0,0,0,2,2,0,0,2,0,2,2,2,0,0,0,0,0,0,0,1,1,2,0,0,0,0,0
2021-03-13,377,2,1,0,0,0,0,2,0,2,2,2,2,1,0,1,0,0,0,0,2,2,0,0,2,0,2,2,2,0,0,0,0,0,0,0,1,1,2,0,0,0,0,0
2021-03-14,378,2,1,0,0,0,0,2,0,2,2,2,2,1,0,1,0,0,0,0,2,2,0,0,2,0,2,2,2,0,0,0,0,0,0,0,1,1,2,0,0,0,0,0
2021-03-15,379,2,1,0,0,0,0,2,0,2,2,2,2,1,0,1,0,0,0,0,2,2,0,0,2,0,2,2,2,0,0,0,0,0,0,0,1,1,2,0,0,0,0,0
2021-03-16,380,2,1,0,0,0,0,2,0,2,2,2,2,1,0,1,0,0,0,0,2,2,0,0,2,0,2,2,2,0,0,0,0,0,0,0,1,1,2,0,0,0,0,0
2021-03-17,381,2,1,0,0,0,0,2,0,2,2,2,2,1,0,1,0,0,0,0,2,2,0,0,2,0,2,2,2,0,0,0,0,0,0,0,1,1,2,0,0,0,0,0
2021-03-18,382,2,1,0,0,0,0,2,0,2,2,2,2,1,0,1,0,0,0,0,2,2,0,0,2,0,2,2,2,0,0,0,0,0,0,0,1,1,2,0,0,0,0,0
2021-03-19,383,2,1,0,0,0,0,2,0,2,2,2,2,1,0,1,0,0,0,0,2,2,0,0,2,0,2,2,2,0,0,0,0,0,0,0,1,1,2,0,0,0,0,0
2021-03-20,384,2,1,0,0,0,0,2,0,2,2,2,2,1,0,1,0,0,1,0,2,2,0,0,2,0,2,2,2,0,0,0,0,0,0,0,1,1,2,0,0,0,0,0
2021-03-21,385,2,1,0,0,0,0,2,0,2,2,2,2,1,0,1,0,0,1,0,2,2,0,0,2,0,2,2,2,0,0,0,0,0,0,0,1,1,2,0,0,0,0,0
2021-03-22,386,2,1,0,0,0,0,2,0,2,2,2,2,1,0,1,0,0,1,0,2,2,0,0,2,0,2,2,2,0,0,0,0,0,0,0,1,1,2,0,0,0,0,0
2021-03-23,387,2,1,0,0,0,0,2,0,2,2,2,2,1,0,1,0,0,1,0,2,2,0,0,2,0,2,2,2,0,0,0,0,0,0,0,1,1,2,0,0,0,0,0
2021-03-24,388,2,1,0,0,0,0,2,0,2,2,2,2,1,0,1,0,0,1,0,2,2,0,0,2,0,2,2,2,0,0,0,0,0,0,0,1,1,2,0,0,0,0,0
2021-03-25,389,2,1,0,0,0,0,2,0,2,2,2,2,1,0,1,0,0,1,0,2,2,0,0,2,0,2,2,2,0,0,0,0,0,0,0,1,1,2,0,0,0,0,0
2021-03-26,390,2,1,0,0,0,0,2,0,2,2,2,2,1,0,1,0,0,1,0,2,2,0,0,2,0,2,2,2,0,0,0,0,0,0,0,1,1,2,0,0,0,0,0
2021-03-27,391,2,1,0,0,0,0,2,0,2,2,2,2,1,0,1,0,0,1,0,2,2,0,0,2,0,2,2,2,0,0,0,0,0,0,0,1,1,2,0,0,0,0,0
2021-03-28,392,2,1,0,0,0,0,2,0,2,2,2,2,1,0,1,0,0,1,0,2,2,0,0,2,0,2,2,2,0,0,0,0,0,0,0,1,1,2,0,0,0,0,0
2021-03-29,393,2,1,0,0,0,0,2,0,2,2,2,2,1,0,1,0,0,1,0,2,2,0,0,2,0,2,2,2,0,0,0,0,0,0,0,1,1,2,0,0,0,0,0
2021-03-30,394,2,1,0,0,0,0,2,0,2,2,2,2,1,0,1,0,0,1,0,2,2,0,0,2,0,2,2,2,0,0,0,0,0,0,0,1,1,2,0,0,0,0,0
2021-03-31,395,2,1,0,0,0,0,2,0,2,2,2,2,1,0,1,0,0,1,0,2,2,0,0,2,0,2,2,2,0,0,0,0,0,0,0,1,1,2,0,0,0,0,0
2021-04-01,396,2,1,0,0,0,0,2,0,2,2,2,2,1,0,1,0,0,1,0,2,2,0,0,2,0,2,2,2,0,0,0,0,0,0,0,1,1,2,0,0,0,0,0
2021-04-02,397,2,1,0,0,0,0,2,0,2,2,2,2,1,0,1,0,0,1,0,2,2,0,0,2,0,2,2,2,0,0,0,0,0,0,0,1,1,2,0,0,0,0,0
2021-04-03,398,2,1,0,0,0,0,2,0,2,2,2,2,1,0,1,0,0,2,0,2,2,0,0,2,0,2,2,2,0,0,0,0,0,0,0,1,1,2,0,0,0,0,0
2021-04-04,399,2,1,0,0,0,0,2,0,2,2,2,2,1,0,1,0,0,2,0,2,2,0,0,2,0,2,2,2,0,0,0,0,0,0,0,1,1,2,0,0,0,0,0
2021-04-05,400,2,1,0,0,0,0,2,0,2,2,2,2,1,0,1,0,0,2,0,2,2,0,0,2,0,2,2,2,0,0,0,0,0,0,0,1,1,2,0,0,0,0,0
2021-04-06,401,2,1,2,0,0,0,2,0,2,2,2,2,1,0,1,2,2,2,0,2,2,0,0,2,0,2,2,2,0,0,0,0,0,0,0,1,1,2,0,0,0,0,0
2021-04-07,402,2,1,2,0,0,0,2,0,2,2,2,2,1,0,1,2,2,2,0,2,2,0,0,2,0,2,2,2,0,0,0,0,0,0,0,1,1,2,0,0,0,0,0
2021-04-08,403,2,1,2,0,0,0,2,0,2,2,2,2,1,0,1,2,2,2,0,2,2,0,0,2,0,2,2,2,0,0,0,0,0,0,0,1,1,2,0,0,0,0,0
2021-04-09,404,2,1,2,0,0,0,2,0,2,2,2,2,1,0,1,2,2,2,0,2,2,0,0,2,0,2,2,2,0,0,0,0,0,0,0,1,1,2,0,0,0,0,0
2021-04-10,405,2,1,2,0,0,0,2,0,2,2,2,2,1,0,1,2,2,2,0,2,2,0,0,2,0,2,2,2,0,0,0,0,0,0,0,1,1,2,0,0,0,0,0
2021-04-11,406,2,1,2,0,0,0,2,0,2,2,2,2,1,0,1,2,2,2,0,2,2,0,0,2,0,2,2,2,0,0,0,0,0,0,0,1,1,2,0,0,0,0,0
2021-04-12,407,2,1,2,0,0,0,2,0,2,2,2,2,1,0,1,2,2,2,0,2,2,0,0,2,0,2,2,2,0,0,0,0,0,0,0,1,1,2,0,0,0,0,0
2021-04-13,408,2,1,2,0,0,0,2,0,2,2,2,2,1,0,1,2,2,2,0,2,2,0,0,2,0,2,2,2,0,0,0,0,0,0,0,1,1,2,0,0,0,0,0
2021-04-14,409,2,1,2,0,0,0,2,0,2,2,2,2,1,0,1,2,2,2,0,2,2,0,0,2,0,2,2,2,0,0,0,0,0,0,0,1,1,2,0,0,0,0,0
2021-04-15,410,2,1,2,0,0,0,2,0,2,2,2,2,1,0,1,2,2,2,0,2,2,0,0,2,0,2,2,2,0,0,0,0,0,0,0,1,1,2,0,0,0,0,0
2021-04-16,411,2,1,2,0,0,0,2,0,2,2,2,2,1,0,1,2,2,2,0,2,2,0,0,2,0,2,2,2,0,0,0,0,0,0,0,1,1,2,0,0,0,0,0
2021-04-17,412,2,1,2,0,0,0,2,0,2,2,2,2,1,0,1,2,2,2,0,2,2,0,0,2,0,2,2,2,0,0,0,0,0,0,0,1,1,2,0,0,0,0,0
2021-04-18,413,2,1,2,0,0,0,2,0,2,2,2,2,1,0,1,2,2,2,0,2,2,0,0,2,0,2,2,2,0,0,0,0,0,0,0,1,1,2,0,0,0,0,0
2021-04-19,414,2,1,2,0,0,0,2,0,2,2,2,2,1,0,1,2,2,2,0,2,2,0,0,2,0,2,2,2,0,0,0,0,0,0,0,1,1,2,0,0,0,0,0
2021-04-20,415,2,1,2,0,0,0,2,0,2,2,2,2,1,0,1,2,2,2,0,2,2,0,0,2,0,2,2,2,0,0,0,0,0,0,0,1,1,2,0,0,0,0,0
2021-04-21,416,2,1,2,0,0,0,2,0,2,2,2,2,1,0,1,2,2,2,0,2,2,0,0,2,0,2,2,2,0,0,0,0,0,0,0,1,1,2,0,0,0,0,0
2021-04-22,417,2,1,2,0,0,0,2,0,2,2,2,2,1,0,1,2,2,2,0,2,2,0,0,2,0,2,2,2,0,0,0,0,0,0,0,1,1,2,0,0,0,0,0
2021-04-23,418,2,1,2,0,0,0,2,0,2,2,2,2,1,0,1,2,2,2,0,2,2,0,0,2,0,2,2,2,0,0,0,0,0,0,0,1,1,2,0,0,0,0,0
2021-04-24,419,2,1,2,0,0,0,2,0,2,2,2,2,1,0,1,2,2,2,0,2,2,0,0,2,0,2,2,2,0,0,0,0,0,0,0,1,1,2,0,0,0,0,0
2021-04-25,420,2,1,2,0,0,0,2,0,2,2,2,2,1,0,1,2,2,2,0,2,2,0,0,2,0,2,2,2,0,0,0,0,0,0,0,1,1,2,0,0,0,0,0
2021-04-26,421,2,1,2,0,0,0,2,0,2,2,2,2,1,0,1,2,2,2,0,2,2,0,0,2,0,2,2,2,0,0,0,0,0,0,0,1,1,2,0,0,0,0,0
2021-04-27,422,2,1,2,0,0,0,2,0,2,2,2,2,1,0,1,0,0,2,0,2,2,0,0,2,0,2,2,2,0,0,0,0,0,0,0,1,1,2,0,0,0,0,0
2021-04-28,423,2,1,2,0,0,0,2,0,2,2,2,2,1,0,1,0,0,2,0,2,2,0,0,2,0,2,2,2,0,0,0,0,0,0,0,1,1,2,0,0,0,0,0
2021-04-29,424,2,1,2,0,0,0,2,0,2,2,2,2,1,0,1,0,0,2,0,2,2,0,0,2,0,2,2,2,0,0,0,0,0,0,0,1,1,2,0,0,0,0,0
2021-04-30,425,2,1,2,0,0,0,2,0,2,2,2,2,1,0,1,0,0,2,0,2,2,0,0,2,0,2,2,2,0,0,0,0,0,0,0,1,1,2,0,0,0,0,0
2021-05-01,426,2,1,2,0,0,0,2,0,2,2,2,2,1,0,1,0,0,2,0,2,2,0,0,2,0,2,2,2,0,0,0,0,0,0,0,1,1,2,0,0,0,0,0
2021-05-02,427,2,1,2,0,0,0,2,0,2,2,2,2,1,0,1,0,0,2,0,2,2,0,0,2,0,2,2,2,0,0,0,0,0,0,0,1,1,2,0,0,0,0,0
2021-05-03,428,2,1,1,0,0,0,2,0,2,2,2,2,1,0,1,0,0,2,0,2,2,0,0,2,0,2,2,2,0,0,0,0,0,0,0,1,1,2,0,0,0,0,0
2021-05-04,429,2,1,1,0,0,0,2,0,2,2,2,2,1,0,1,0,0,0,0,2,2,0,0,2,0,2,2,2,0,0,0,0,0,0,0,1,1,2,0,0,0,0,0
2021-05-05,430,2,1,1,0,0,0,2,0,2,2,2,2,1,0,1,0,0,0,0,2,2,0,0,2,0,2,2,2,0,0,0,0,0,0,0,1,1,2,0,0,0,0,0
2021-05-06,431,2,1,1,0,0,0,2,0,2,2,2,2,1,0,1,0,0,0,0,2,2,0,0,2,0,2,2,2,0,0,0,0,0,0,0,1,1,2,0,0,0,0,0
2021-05-07,432,2,1,1,0,0,0,2,0,2,2,2,2,1,0,1,0,0,0,0,2,2,0,0,2,0,2,2,2,0,0,0,0,0,0,0,1,1,2,0,0,0,0,0
2021-05-08,433,2,1,1,0,0,0,2,0,2,2,2,2,1,0,1,0,0,0,0,2,2,0,0,2,0,2,2,2,0,0,0,0,0,0,0,1,1,2,0,0,0,0,0
2021-05-09,434,2,1,1,0,0,0,2,0,2,2,2,2,1,0,1,0,0,0,0,2,2,0,0,2,0,2,2,2,0,0,0,0,0,0,0,1,1,2,0,0,0,0,0
2021-05-10,435,2,1,1,0,0,0,2,0,2,2,2,2,1,0,1,0,0,0,0,2,2,0,0,2,0,2,2,2,0,0,0,0,0,0,0,1,1,2,0,0,0,0,0
2021-05-11,436,2,1,1,0,0,0,2,0,2,2,2,2,1,0,1,0,0,0,0,2,2,0,0,2,0,2,2,2,0,0,0,0,0,0,0,1,1,2,0,0,0,0,0
2021-05-12,437,2,1,1,0,0,0,2,0,2,2,2,2,1,0,1,0,0,0,0,2,2,0,0,2,0,2,2,2,0,0,0,0,0,0,0,1,1,2,0,0,0,0,0
2021-05-13,438,2,1,1,0,0,0,2,0,2,2,2,2,1,0,1,0,0,0,0,2,2,0,0,2,0,2,2,2,0,0,0,0,0,0,0,1,1,2,0,0,0,0,0
2021-05-14,439,2,1,1,0,0,0,2,0,2,2,2,2,1,0,1,0,0,0,0,2,2,0,0,2,0,2,2,2,0,0,0,0,0,0,0,1,1,2,0,0,0,0,0
2021-05-15,440,2,1,1,0,0,0,2,0,2,2,2,2,1,0,1,0,0,0,0,2,2,0,0,2,0,2,2,2,0,0,0,0,0,0,0,1,1,2,0,0,0,0,0
2021-05-16,441,2,1,1,0,0,0,2,0,2,2,2,2,1,0,1,0,0,0,0,2,2,0,0,2,0,2,2,2,0,0,0,0,0,0,0,1,1,2,0,0,0,0,0
2021-05-17,442,2,1,1,0,0,0,2,0,2,2,2,2,1,0,1,0,0,0,0,2,2,0,0,2,0,2,2,2,0,0,0,0,0,0,0,1,1,2,0,0,0,0,0
2021-05-18,443,2,1,1,0,0,0,2,0,2,2,2,2,1,0,1,0,0,0,0,2,2,0,0,2,0,2,2,2,0,0,0,0,0,0,0,1,1,2,0,0,0,0,0
2021-05-19,444,2,1,1,0,0,0,2,0,2,2,1,1,0,0,1,0,0,0,0,2,2,0,0,2,0,2,1,2,0,0,0,0,0,0,0,1,1,0,0,0,0,0,0
2021-05-20,445,2,1,1,0,0,0,2,0,2,2,1,1,0,0,1,0,0,0,0,2,2,0,0,2,0,2,1,2,0,0,0,0,0,0,0,1,1,0,0,0,0,0,0
2021-05-21,446,2,1,1,0,0,0,2,0,2,2,1,1,0,0,1,0,0,0,0,2,2,0,0,2,0,2,1,2,0,0,0,0,0,0,0,1,1,0,0,0,0,0,0
2021-05-22,447,2,1,1,0,0,0,2,0,2,2,1,1,0,0,1,0,0,0,0,2,2,0,0,2,0,2,1,2,0,0,0,0,0,0,0,1,1,0,0,0,0,0,0
2021-05-23,448,2,1,1,0,0,0,2,0,2,2,1,1,0,0,1,0,0,0,0,2,2,0,0,2,0,2,1,2,0,0,0,0,0,0,0,1,1,0,0,0,0,0,0
2021-05-24,449,2,1,1,0,0,0,2,0,2,2,1,1,0,0,1,0,0,0,0,2,2,0,0,2,0,2,1,2,0,0,0,0,0,0,0,1,1,0,0,0,0,0,0
2021-05-25,450,2,1,1,0,0,0,2,0,2,2,1,1,0,0,1,0,0,0,0,2,2,0,0,2,0,2,1,2,0,0,0,0,0,0,0,1,1,0,0,0,0,0,0
2021-05-26,451,2,1,1,0,0,0,2,0,2,2,1,1,0,0,1,0,0,0,0,2,2,0,0,2,0,2,1,2,0,0,0,0,0,0,0,1,1,0,0,0,0,0,0
2021-05-27,452,2,1,1,0,0,0,2,0,2,2,1,1,0,0,1,0,0,0,0,2,2,0,0,2,0,2,1,2,0,0,0,0,0,0,0,1,1,0,0,0,0,0,0
2021-05-28,453,2,1,1,0,0,0,2,0,2,2,1,1,0,0,1,0,0,0,0,2,2,0,0,2,0,2,1,2,0,0,0,0,0,0,0,1,1,0,0,0,0,0,0
2021-05-29,454,2,1,1,0,0,0,2,0,2,2,1,1,0,0,1,0,0,0,0,2,2,0,0,2,0,2,1,2,0,0,0,0,0,0,0,1,1,0,0,0,0,0,0
2021-05-30,455,2,1,1,0,0,0,2,0,2,2,1,1,0,0,1,0,0,0,0,2,2,0,0,2,0,2,1,2,0,0,0,0,0,0,0,1,1,0,0,0,0,0,0
2021-05-31,456,2,1,1,0,0,0,2,0,2,2,1,1,0,0,1,0,0,0,0,2,2,0,0,2,0,2,1,2,0,0,0,0,0,0,0,1,1,0,0,0,0,0,0
2021-06-01,457,2,1,1,0,0,0,2,0,2,2,1,1,0,0,1,0,0,0,0,2,2,0,0,2,0,2,1,2,0,0,0,0,0,0,0,1,1,0,0,0,0,0,0
2021-06-02,458,2,1,1,0,0,0,2,0,2,2,1,1,0,0,1,0,0,0,0,2,2,0,0,2,0,2,1,2,0,0,0,0,0,0,0,1,1,0,0,0,0,0,0
2021-06-03,459,2,1,1,0,0,0,2,0,2,2,1,1,0,0,1,0,0,0,0,2,2,0,0,2,0,2,1,2,0,0,0,0,0,0,0,1,1,0,0,0,0,0,0
2021-06-04,460,2,1,1,0,0,0,2,0,2,2,1,1,0,0,1,0,0,0,0,2,2,0,0,2,0,2,1,2,0,0,0,0,0,0,0,1,1,0,0,0,0,0,0
2021-06-05,461,2,1,1,0,0,0,2,0,2,2,1,1,0,0,1,0,0,0,0,2,2,0,0,2,0,2,1,2,0,0,0,0,0,0,0,1,1,0,0,0,0,0,0
2021-06-06,462,2,1,1,0,0,0,2,0,2,2,1,1,0,0,1,0,0,0,0,2,2,0,0,2,0,2,1,2,0,0,0,0,0,0,0,1,1,0,0,0,0,0,0
2021-06-07,463,2,1,1,0,0,0,2,0,2,2,1,1,0,0,1,0,0,0,0,2,2,0,0,2,0,2,1,2,0,0,0,0,0,0,0,1,1,0,0,0,0,0,0
2021-06-08,464,2,1,1,0,0,0,2,0,2,2,1,1,0,0,1,0,0,0,0,2,2,0,0,2,0,2,1,2,0,0,0,0,0,0,0,1,1,0,0,0,0,0,0
2021-06-09,465,2,1,1,1,0,0,2,0,2,2,1,1,0,0,1,0,0,0,0,2,2,0,0,2,0,1,1,2,2,0,0,0,0,0,0,1,1,0,0,0,0,0,0
2021-06-10,466,2,1,1,1,0,0,2,0,2,2,1,1,0,0,1,0,0,0,0,2,2,0,0,2,0,1,1,2,2,0,0,0,0,0,0,1,1,0,0,0,0,0,0
2021-06-11,467,2,1,1,1,0,0,2,0,2,2,1,1,0,0,1,0,0,0,0,2,2,0,0,2,0,1,1,2,2,0,0,0,0,0,0,1,1,0,0,0,0,0,0
2021-06-12,468,2,1,1,1,0,0,2,0,2,2,1,1,0,0,1,0,0,0,0,2,2,0,0,2,0,1,1,2,2,0,0,0,0,0,0,1,1,0,0,0,0,0,0
2021-06-13,469,2,1,1,1,0,0,2,0,2,2,1,1,0,0,1,0,0,0,0,2,2,0,0,2,0,1,1,2,2,0,0,0,0,0,0,1,1,0,0,0,0,0,0
2021-06-14,470,2,1,1,1,0,0,2,0,2,2,1,1,0,0,1,0,0,0,0,2,2,0,0,2,0,1,1,2,2,0,0,0,0,0,0,1,1,0,0,0,0,0,0
2021-06-15,471,2,1,1,1,0,0,2,0,2,2,1,1,0,0,1,0,0,0,0,2,2,0,0,2,0,1,1,2,2,0,0,0,0,0,0,1,1,0,0,0,0,0,0
2021-06-16,472,2,1,1,1,0,0,2,0,2,2,1,1,0,0,1,0,0,0,0,2,2,0,0,2,0,1,1,2,2,0,0,0,0,0,0,1,1,0,0,0,0,0,0
2021-06-17,473,2,1,1,1,0,0,2,0,2,2,1,1,0,0,1,0,0,0,0,1,2,0,0,2,0,1,1,2,2,0,0,0,0,0,0,1,1,0,0,0,0,0,0
2021-06-18,474,2,1,1,1,0,0,2,0,2,2,1,1,0,0,1,0,0,0,0,1,2,0,0,2,0,1,1,2,2,0,0,0,0,0,0,1,1,0,0,0,0,0,0
2021-06-19,475,2,1,1,1,0,0,2,0,2,2,1,1,0,0,1,0,0,0,0,1,2,0,0,2,0,1,1,2,2,0,0,0,0,0,0,1,1,0,0,0,0,0,0
2021-06-20,476,2,1,1,1,0,0,2,0,2,2,1,1,0,0,1,0,0,0,0,1,2,0,0,2,0,1,1,2,2,0,0,0,0,0,0,1,1,0,0,0,0,0,0
2021-06-21,477,2,1,1,1,0,0,2,0,2,2,1,1,0,0,0,0,0,0,0,1,2,0,0,2,0,1,1,2,2,0,0,0,0,0,0,1,1,0,0,0,0,0,0
2021-06-22,478,2,1,1,1,0,0,2,0,2,2,1,1,0,0,0,0,0,0,0,1,2,0,0,2,0,1,1,2,2,0,0,0,0,0,0,1,1,0,0,0,0,0,0
2021-06-23,479,2,1,1,1,0,0,2,0,2,2,1,1,0,0,0,0,0,0,0,1,2,0,0,2,0,1,1,2,2,0,0,0,0,0,0,1,1,0,0,0,0,0,0
2021-06-24,480,2,1,1,1,0,0,2,0,2,2,1,1,0,0,0,0,0,0,0,1,2,0,0,2,0,1,1,2,2,0,0,0,0,0,0,1,1,0,0,0,0,0,0
2021-06-25,481,2,1,1,1,0,0,2,0,2,2,1,1,0,0,0,0,0,0,0,1,2,0,0,2,0,1,1,2,2,0,0,0,0,0,0,1,1,0,0,0,0,0,0
2021-06-26,482,2,1,1,1,0,0,2,0,2,2,1,1,0,0,0,0,0,0,0,1,2,0,0,2,0,1,1,2,2,0,0,0,0,0,0,1,1,0,0,0,0,0,0
2021-06-27,483,2,1,1,1,0,0,2,0,2,2,1,1,0,0,0,0,0,0,0,1,2,0,0,2,0,1,1,2,2,0,0,0,0,0,0,1,1,0,0,0,0,0,0
2021-06-28,484,2,1,1,1,0,0,2,0,2,2,1,1,0,0,0,0,0,0,0,1,2,0,0,2,0,1,1,2,2,0,0,0,0,0,0,1,1,0,0,0,0,0,0
2021-06-29,485,2,1,1,1,0,0,2,0,2,2,1,1,0,0,0,0,0,0,0,1,2,0,0,2,0,1,1,2,2,0,0,0,0,0,0,1,1,0,0,0,0,0,0
2021-06-30,486,2,1,1,1,0,0,0,0,2,2,1,1,0,0,0,0,0,0,0,1,2,0,0,2,0,1,1,2,2,1,1,0,0,0,0,1,1,0,0,0,0,0,0
2021-07-01,487,2,1,1,1,0,0,0,0,2,2,1,1,0,0,0,0,0,0,0,1,2,0,0,2,0,1,1,2,2,1,1,0,0,0,0,1,0,0,0,0,0,0,0
2021-07-02,488,2,1,1,1,0,0,0,0,2,2,1,1,0,0,0,0,0,0,0,1,2,0,0,2,0,1,1,2,2,1,1,0,0,0,0,1,0,0,0,0,0,0,0
2021-07-03,489,2,1,1,1,0,0,0,0,2,2,1,1,0,0,0,0,0,0,0,1,2,0,0,2,0,1,1,2,2,1,1,0,0,0,0,1,0,0,0,0,0,0,0
2021-07-04,490,2,1,1,1,0,0,0,0,2,2,1,1,0,0,0,0,0,0,0,1,2,0,0,2,0,1,1,2,2,1,1,0,0,0,0,1,0,0,0,0,0,0,0
2021-07-05,491,2,1,1,1,0,0,0,0,2,2,1,1,0,0,0,0,0,0,0,1,2,1,0,2,0,1,1,2,2,1,1,0,0,0,0,1,0,0,0,0,0,0,0
2021-07-06,492,2,1,1,1,0,0,0,0,2,2,1,1,0,0,0,0,0,0,0,1,2,1,0,2,0,1,1,2,2,1,1,0,0,0,0,1,0,0,0,0,0,0,0
2021-07-07,493,2,1,1,1,0,0,0,0,2,2,1,1,0,0,0,0,0,0,0,1,2,1,0,2,0,1,1,2,2,1,1,0,0,0,0,1,0,0,0,0,0,0,0
2021-07-08,494,2,1,1,1,0,0,0,0,2,2,1,1,0,0,0,0,0,0,0,1,2,1,0,2,0,1,1,2,2,1,1,0,0,0,0,1,0,0,0,0,0,0,0
2021-07-09,495,2,1,1,1,0,0,0,0,2,2,1,1,0,0,0,0,0,0,0,1,2,1,0,2,0,1,1,2,2,1,1,0,0,0,0,1,0,0,0,0,0,0,0
2021-07-10,496,2,1,1,1,0,0,0,0,2,2,1,1,0,0,0,0,0,0,0,1,2,1,0,2,0,1,1,2,2,1,1,0,0,0,0,1,0,0,0,0,0,0,0
2021-07-11,497,2,1,1,1,0,0,0,0,2,2,1,1,0,0,0,0,0,0,0,1,2,1,0,2,0,1,1,2,2,1,1,0,0,0,0,1,0,0,0,0,0,0,0
2021-07-12,498,2,1,1,1,0,0,0,0,2,2,1,1,0,0,0,0,0,0,0,1,2,1,0,2,0,1,1,2,2,1,1,0,0,0,0,1,0,0,0,0,0,0,0
2021-07-13,499,2,1,1,1,0,0,0,0,2,2,1,1,0,0,0,0,0,0,0,1,2,1,0,2,0,1,1,2,2,1,1,0,0,0,0,1,0,0,0,0,0,0,0
2021-07-14,500,2,1,1,1,0,0,0,0,2,2,1,1,0,0,0,0,0,0,0,1,2,1,0,2,0,1,1,2,2,1,1,0,0,0,0,1,0,0,0,0,0,0,0
2021-07-15,501,2,1,1,1,0,0,0,0,2,2,1,1,0,0,0,0,0,0,0,1,2,1,0,2,0,1,1,2,2,1,1,0,0,0,0,1,0,0,0,0,0,0,0
2021-07-16,502,2,1,1,1,0,0,0,0,2,2,1,1,0,0,0,0,0,0,0,1,2,1,0,2,0,1,1,2,2,1,1,0,0,0,0,1,0,0,0,0,0,0,0
2021-07-17,503,2,1,1,1,0,0,0,0,2,2,1,1,0,0,0,0,0,0,0,1,2,1,0,2,0,1,1,2,2,1,1,0,0,0,0,1,0,0,0,0,0,0,0
2021-07-18,504,2,1,1,1,0,0,0,0,2,2,1,1,0,0,0,0,0,0,0,1,2,1,0,2,0,1,1,2,2,1,1,0,0,0,0,1,0,0,0,0,0,0,0
2021-07-19,505,2,1,1,1,0,0,0,0,2,2,1,1,0,0,0,0,0,0,0,1,2,1,0,2,0,1,1,2,2,1,1,0,0,0,0,1,0,0,0,0,0,0,0
2021-07-20,506,2,1,1,1,0,0,0,0,2,2,1,1,0,0,0,0,0,0,0,1,2,1,0,2,0,1,1,2,2,1,1,0,0,0,0,1,0,0,0,0,0,0,0
2021-07-21,507,2,1,1,1,0,0,0,0,2,2,1,1,0,0,0,0,0,0,0,1,2,1,0,2,0,1,1,2,2,1,1,0,0,0,0,1,0,0,0,0,0,0,0
2021-07-22,508,2,1,1,1,0,0,0,0,2,2,1,1,0,0,0,0,0,0,0,1,2,1,0,2,0,1,1,2,2,1,1,0,0,0,0,1,0,0,0,0,0,0,0
2021-07-23,509,2,1,1,1,0,0,0,0,2,2,1,1,0,0,0,0,0,0,0,1,2,1,0,2,0,1,1,2,2,1,1,0,0,0,0,1,0,0,0,0,0,0,0
2021-07-24,510,2,1,1,1,0,0,0,0,2,2,1,1,0,0,0,0,0,0,0,1,2,1,0,2,0,1,1,2,2,1,1,0,0,0,0,1,0,0,0,0,0,0,0
2021-07-25,511,2,1,1,1,0,0,0,0,2,2,1,1,0,0,0,0,0,0,0,1,2,1,0,2,0,1,1,2,2,1,1,0,0,0,0,1,0,0,0,0,0,0,0
2021-07-26,512,2,1,1,1,0,0,0,0,2,2,1,1,0,0,0,0,0,0,0,1,2,1,0,2,0,1,1,2,2,1,1,0,0,0,0,1,0,0,0,0,0,0,0
2021-07-27,513,2,1,1,1,0,0,0,0,2,2,1,1,0,0,0,0,0,0,0,1,2,1,0,2,0,1,1,2,2,1,1,0,0,0,0,1,0,0,0,0,0,0,0
2021-07-28,514,2,1,1,1,0,0,0,0,2,2,1,1,0,0,0,0,0,0,0,1,2,1,0,2,0,1,1,2,2,1,1,0,0,0,0,1,0,0,0,0,0,0,0
2021-07-29,515,2,1,1,1,0,0,0,0,2,2,1,1,0,0,0,0,0,0,0,1,2,1,0,2,0,1,1,2,2,1,1,0,0,0,0,1,0,0,0,0,0,0,0
2021-07-30,516,2,1,1,1,0,0,0,0,2,2,1,1,0,0,1,0,0,1,0,1,2,1,0,2,0,1,1,2,2,1,1,0,0,0,0,1,0,0,0,0,0,0,0
2021-07-31,517,2,1,1,1,0,0,0,0,2,2,1,1,0,0,1,0,0,1,0,1,2,1,0,2,0,1,1,2,2,1,1,0,0,0,0,1,0,0,0,0,0,0,0
2021-08-01,518,2,1,1,1,0,0,0,0,2,2,1,1,0,0,1,0,0,1,0,1,2,1,0,2,0,1,1,2,2,1,1,0,0,0,0,1,0,0,0,0,0,0,0
2021-08-02,519,2,1,1,1,0,0,0,0,2,2,1,1,0,0,1,0,0,1,0,1,2,1,0,2,0,1,1,2,2,1,1,0,0,0,0,1,0,0,0,0,0,0,0
2021-08-03,520,2,1,1,1,0,0,0,0,2,2,1,1,0,0,1,0,0,1,0,1,2,1,0,2,0,1,1,2,2,1,1,0,0,0,0,1,0,0,0,0,0,0,0
2021-08-04,521,2,1,1,1,0,0,0,0,2,2,1,1,0,0,1,0,0,1,0,1,2,1,0,2,0,1,1,2,2,1,1,0,0,0,0,1,0,0,0,0,0,0,0
2021-08-05,522,2,1,1,1,0,0,0,0,2,2,1,1,0,0,1,0,0,1,0,1,2,1,0,2,0,1,1,2,2,1,1,0,0,0,0,1,0,0,0,0,0,0,0
2021-08-06,523,2,1,1,1,0,0,0,0,2,2,1,1,0,0,1,0,0,1,0,1,2,1,0,2,0,1,1,2,2,1,1,0,0,0,0,1,0,0,0,0,0,0,0
2021-08-07,524,2,1,1,1,0,0,0,0,2,2,1,1,0,0,1,0,0,1,0,1,2,1,0,2,0,1,1,2,2,1,1,0,0,0,0,1,0,0,0,0,0,0,0
2021-08-08,525,2,1,1,1,0,0,0,0,2,2,1,1,0,0,1,0,0,1,0,1,2,1,0,2,0,1,1,2,2,1,1,0,0,0,0,1,0,0,0,0,0,0,0
2021-08-09,526,2,1,1,1,0,0,0,0,2,2,1,1,0,0,1,0,0,1,0,1,2,1,0,2,0,1,1,2,2,1,1,0,0,0,0,1,0,0,0,0,0,0,0
2021-08-10,527,2,1,1,1,0,0,0,0,2,2,1,1,0,0,1,0,0,1,0,1,2,1,0,2,0,1,1,2,2,1,1,0,0,0,0,1,0,0,0,0,0,0,0
2021-08-11,528,2,1,1,1,0,0,0,0,2,2,1,1,0,0,1,0,0,1,0,1,2,1,0,2,0,1,1,2,2,1,1,0,0,0,0,1,0,0,0,0,0,0,0
2021-08-12,529,2,1,1,1,0,0,0,0,2,2,1,1,0,0,1,0,0,1,0,1,2,1,0,2,0,1,1,2,2,1,1,0,0,0,0,1,0,0,0,0,0,0,0
2021-08-13,530,2,1,1,1,0,0,0,0,2,2,1,1,0,0,1,0,0,1,0,1,2,1,0,2,0,1,1,2,2,1,1,0,0,0,0,1,0,0,0,0,0,0,0
2021-08-14,531,2,1,1,1,0,0,0,0,2,2,1,1,0,0,1,0,0,1,0,1,2,1,0,2,0,1,1,2,2,1,1,0,0,0,0,1,0,0,0,0,0,0,0
2021-08-15,532,2,1,1,1,0,0,0,0,2,2,1,1,0,0,1,0,0,1,0,1,2,1,0,2,0,1,1,2,2,1,1,0,0,0,0,1,0,0,0,0,0,0,0
2021-08-16,533,2,1,1,1,0,0,0,0,2,2,1,1,0,0,1,0,0,1,0,1,2,1,0,2,0,1,1,2,2,1,1,0,0,0,0,1,0,0,0,0,0,0,0
2021-08-17,534,2,1,1,1,0,0,0,0,2,2,1,1,0,0,1,0,0,1,0,1,2,1,0,2,0,1,1,2,2,1,1,0,0,0,0,1,0,0,0,0,0,0,0
2021-08-18,535,2,1,1,1,0,0,0,0,2,2,1,1,0,0,1,0,0,1,0,1,2,1,0,2,0,1,1,2,2,1,1,0,0,0,0,1,0,0,0,0,0,0,0
2021-08-19,536,2,1,1,1,0,0,0,0,2,2,1,1,0,0,1,0,0,1,0,1,2,1,0,2,0,1,1,2,2,1,1,0,0,0,0,1,0,0,0,0,0,0,0
2021-08-20,537,2,1,1,1,0,0,0,0,2,2,1,1,0,0,1,0,0,1,0,1,2,1,0,2,0,1,1,2,2,1,1,0,0,0,0,1,0,0,0,0,0,0,0
2021-08-21,538,2,1,1,1,0,0,0,0,2,2,1,1,0,0,1,0,0,1,0,1,2,1,0,2,0,1,1,2,2,1,1,0,0,0,0,1,0,0,0,0,0,0,0
2021-08-22,539,2,1,1,1,0,0,0,0,2,2,1,1,0,0,1,0,0,1,0,1,2,1,0,2,0,1,1,2,2,1,1,0,0,0,0,1,0,0,0,0,0,0,0
2021-08-23,540,2,1,1,1,0,0,0,0,2,2,1,1,0,0,1,0,0,1,0,1,2,1,0,2,0,1,1,2,2,1,1,0,0,0,0,1,0,0,0,0,0,0,0
2021-08-24,541,2,1,1,1,0,0,0,0,2,2,1,1,0,0,1,0,0,1,0,1,2,1,0,2,0,1,1,2,2,1,1,0,0,0,0,1,0,0,0,0,0,0,0
2021-08-25,542,2,1,1,1,0,0,0,0,2,2,1,1,0,0,1,0,0,1,0,1,2,1,0,2,0,1,1,2,2,1,1,0,0,0,0,1,0,0,0,0,0,0,0
2021-08-26,543,2,1,1,1,0,0,0,0,2,2,1,1,0,0,1,0,0,1,0,1,2,1,0,2,0,1,1,2,2,1,1,0,0,0,0,1,0,0,0,0,0,0,0
2021-08-27,544,2,1,1,1,0,0,0,0,2,2,1,1,0,0,1,0,0,1,0,1,2,1,0,2,0,1,1,2,2,1,1,0,0,0,0,1,0,0,0,0,0,0,0
2021-08-28,545,2,1,1,1,0,0,0,0,2,2,1,1,0,0,1,0,0,1,0,1,2,1,0,2,0,1,1,2,2,1,1,0,0,0,0,1,0,0,0,0,0,0,0
2021-08-29,546,2,1,1,1,0,0,0,0,2,2,1,1,0,0,1,0,0,1,0,1,2,1,0,2,0,1,1,2,2,1,1,0,0,0,0,1,0,0,0,0,0,0,0
2021-08-30,547,2,1,1,1,0,0,0,0,2,2,1,1,0,0,1,0,0,1,1,1,2,1,0,2,0,1,1,2,2,1,1,0,0,0,0,1,0,0,0,0,0,0,0
2021-08-31,548,2,1,1,1,0,0,0,0,2,2,1,1,0,0,1,0,0,1,1,1,2,1,0,2,0,1,1,2,2,1,1,0,0,0,0,1,0,0,0,0,0,0,0
2021-09-01,549,2,1,1,1,0,0,0,0,2,2,1,1,0,0,1,0,0,1,1,1,2,1,0,2,0,1,1,2,2,1,1,0,0,0,0,1,0,0,0,0,0,0,0
2021-09-02,550,2,1,2,1,0,0,0,0,2,2,1,1,0,0,1,2,2,1,1,1,2,1,0,2,0,1,1,2,2,1,1,0,0,0,0,1,0,0,0,0,0,0,0
2021-09-03,551,2,1,2,1,0,0,0,0,2,2,1,1,0,0,1,2,2,1,1,1,2,1,0,2,0,1,1,2,2,1,1,0,0,0,0,1,0,0,0,0,0,0,0
2021-09-04,552,2,1,2,1,0,0,0,0,2,2,1,1,0,0,1,2,2,1,1,1,2,1,0,2,0,1,1,2,2,1,1,0,0,0,0,0,0,0,0,0,0,0,0
2021-09-05,553,2,1,2,1,0,0,0,0,2,2,1,1,0,0,1,2,2,1,1,1,2,1,0,2,0,1,1,2,2,1,1,0,0,0,0,0,0,0,0,0,0,0,0
2021-09-06,554,2,1,2,1,0,0,0,0,2,2,1,1,0,0,1,2,2,1,1,1,2,1,0,2,0,1,1,2,2,1,1,0,0,0,0,0,0,0,0,0,0,0,0
2021-09-07,555,2,1,2,1,0,0,0,0,2,2,1,1,0,0,1,2,2,1,1,1,2,1,0,2,0,1,1,2,2,1,1,0,0,0,0,0,0,0,0,0,0,0,0
2021-09-08,556,2,1,2,1,0,0,0,0,2,2,1,1,0,0,1,2,2,1,1,1,2,1,0,2,0,1,1,2,2,1,1,0,0,0,0,0,0,0,0,0,0,0,0
2021-09-09,557,2,1,2,1,0,0,0,0,2,2,1,1,0,0,1,2,2,1,1,1,2,1,0,2,0,1,1,2,2,1,1,0,0,0,0,0,0,0,0,0,0,0,0
2021-09-10,558,2,1,2,1,0,0,0,0,2,2,1,1,0,0,1,2,2,1,1,1,2,1,0,2,0,1,1,2,2,1,1,0,0,0,0,0,0,0,0,0,0,0,0
2021-09-11,559,2,1,2,1,0,0,0,0,2,2,1,1,0,0,1,2,2,1,1,1,2,1,0,2,0,1,1,2,2,1,1,0,0,0,0,0,0,0,0,0,0,0,0
2021-09-12,560,2,1,2,1,0,0,0,0,2,2,1,1,0,0,1,2,2,1,1,1,2,1,0,2,0,1,1,2,2,1,1,0,0,0,0,0,0,0,0,0,0,0,0
2021-09-13,561,2,1,2,1,0,0,0,0,2,2,1,1,0,0,1,2,2,1,1,1,2,1,0,2,0,1,1,2,2,1,1,0,0,0,0,0,0,0,0,0,0,0,0
2021-09-14,562,2,1,0,1,0,0,0,0,2,2,1,1,0,0,1,0,0,1,1,1,2,1,0,2,0,1,1,2,2,1,1,0,0,0,0,0,0,0,0,0,0,0,0
2021-09-15,563,2,1,0,1,0,0,0,0,2,2,1,1,0,0,1,0,0,1,1,1,2,1,0,2,0,1,1,2,2,1,1,0,0,0,0,0,0,0,0,0,0,0,0
2021-09-16,564,2,1,0,1,0,0,0,0,2,2,1,1,0,0,1,0,0,1,1,1,2,1,0,2,0,1,1,2,2,1,1,0,0,0,0,0,0,0,0,0,0,0,0
2021-09-17,565,2,1,0,1,0,0,0,0,2,2,1,1,0,0,1,0,0,1,1,1,2,1,0,2,0,1,1,2,2,1,1,0,0,0,0,0,0,0,0,0,0,0,0
2021-09-18,566,2,1,0,1,0,0,0,0,2,2,1,1,0,0,1,0,0,1,1,1,2,1,0,2,0,1,1,2,2,1,1,0,0,0,0,0,0,0,0,0,0,0,0
2021-09-19,567,2,1,0,1,0,0,0,0,2,2,1,1,0,0,1,0,0,1,1,1,2,1,0,2,0,1,1,2,2,1,1,0,0,0,0,0,0,0,0,0,0,0,0
2021-09-20,568,2,1,0,1,0,0,0,0,2,2,1,1,0,0,1,0,0,1,1,1,2,1,0,2,0,1,1,2,2,1,1,0,0,0,0,0,0,0,0,0,0,0,0
2021-09-21,569,2,1,0,1,0,0,0,0,2,2,1,1,0,0,1,0,0,1,1,1,2,1,0,2,0,1,1,2,2,1,1,0,0,0,0,0,0,0,0,0,0,0,0
2021-09-22,570,2,1,0,1,0,0,0,0,2,2,1,1,0,0,1,0,0,1,1,1,2,1,0,2,0,1,1,2,2,1,1,0,0,0,0,0,0,0,0,0,0,0,0
2021-09-23,571,2,1,0,1,0,0,0,0,2,2,1,1,0,0,1,0,0,1,1,1,2,1,0,2,0,1,1,2,2,1,1,0,0,0,0,0,0,0,0,0,0,0,0
2021-09-24,572,2,1,0,1,0,0,0,0,2,2,1,1,0,0,1,0,0,1,1,1,2,1,0,2,0,1,1,2,2,1,1,0,0,0,0,0,0,0,0,0,0,0,0
2021-09-25,573,2,1,0,1,0,0,0,0,2,2,1,1,0,0,1,0,0,1,1,1,2,1,0,2,0,1,1,2,2,1,1,0,0,0,0,0,0,0,0,0,0,0,0
2021-09-26,574,2,1,0,1,0,0,0,0,2,2,1,1,0,0,1,0,0,1,1,1,2,1,0,2,0,1,1,2,2,1,1,0,0,0,0,0,0,0,0,0,0,0,0
2021-09-27,575,2,1,0,1,0,0,0,0,2,2,1,1,0,0,1,0,0,1,1,1,2,1,0,2,0,1,1,2,2,1,1,0,0,0,0,0,0,0,0,0,0,0,0
2021-09-28,576,2,1,0,1,0,0,0,0,2,2,1,1,0,0,1,0,0,1,1,1,2,1,0,2,0,1,1,2,2,1,1,0,0,0,0,0,0,0,0,0,0,0,0
2021-09-29,577,2,1,0,1,0,0,0,0,2,2,1,1,0,0,1,0,0,1,1,1,2,1,0,2,0,1,1,2,2,1,1,0,0,0,0,0,0,0,0,0,0,0,0
2021-09-30,578,2,1,0,1,0,0,0,0,2,2,1,1,0,0,1,0,0,1,1,1,2,1,0,2,0,1,1,2,2,1,1,0,0,0,0,0,0,0,0,0,0,0,0
2021-10-01,579,2,1,0,1,0,0,0,0,2,2,1,1,0,0,1,0,0,1,1,1,2,1,0,2,0,1,1,2,2,1,1,0,0,0,0,0,0,0,0,0,0,0,0
2021-10-02,580,2,1,0,1,0,0,0,0,2,2,1,1,0,0,1,0,0,1,1,1,2,1,0,2,0,1,1,2,2,1,1,0,0,0,0,0,0,0,0,0,0,0,0
2021-10-03,581,2,1,0,1,0,0,0,0,2,2,1,1,0,0,1,0,0,1,1,1,2,1,0,2,0,1,1,2,2,1,1,0,0,0,0,0,0,0,0,0,0,0,0
2021-10-04,582,2,1,0,1,0,0,0,0,2,2,1,1,0,0,1,0,0,1,0,1,2,1,0,2,0,1,1,2,2,1,1,0,0,0,0,0,0,0,0,0,0,0,0
2021-10-05,583,2,1,0,1,0,0,0,0,2,2,1,1,0,0,1,0,0,1,0,1,2,1,0,2,0,1,1,2,2,1,1,0,0,0,0,0,0,0,0,0,0,0,0
2021-10-06,584,2,1,0,1,0,0,0,0,2,2,1,1,0,0,1,0,0,1,0,1,2,1,0,2,0,1,1,2,2,1,1,0,0,0,0,0,0,0,0,0,0,0,0
2021-10-07,585,2,1,0,1,0,0,0,0,2,2,1,1,0,0,1,0,0,1,0,1,2,1,0,2,0,1,1,2,2,1,1,0,0,0,0,0,0,0,0,0,0,0,0
2021-10-08,586,2,1,0,1,0,0,0,0,2,2,1,1,0,0,1,0,0,1,0,1,2,1,0,2,0,1,1,2,2,1,1,0,0,0,0,0,0,0,0,0,0,0,0
2021-10-09,587,2,1,0,1,0,0,0,0,2,2,1,1,0,0,1,0,0,1,0,1,2,1,0,2,0,1,1,2,2,1,1,0,0,0,0,0,0,0,0,0,0,0,0
2021-10-10,588,2,1,0,1,0,0,0,0,2,2,1,1,0,0,1,0,0,1,0,1,2,1,0,2,0,1,1,2,2,1,1,0,0,0,0,0,0,0,0,0,0,0,0
2021-10-11,589,2,1,0,1,0,0,0,0,2,2,1,1,0,0,1,0,0,1,0,1,2,1,0,2,0,1,1,2,2,1,1,0,0,0,0,0,0,0,0,0,0,0,0
2021-10-12,590,2,1,0,1,0,0,0,0,2,2,1,1,0,0,1,0,0,1,0,1,2,1,0,2,0,1,1,2,2,1,1,0,0,0,0,0,0,0,0,0,0,0,0
2021-10-13,591,2,1,0,1,0,0,0,0,2,2,1,1,0,0,1,0,0,1,0,1,2,1,0,2,0,1,1,2,2,1,1,0,0,0,0,0,0,0,0,0,0,0,0
2021-10-14,592,2,1,0,1,0,0,0,0,2,2,1,1,0,0,1,0,0,1,0,1,2,1,0,2,0,1,1,2,2,1,1,0,0,0,0,0,0,0,0,0,0,0,0
2021-10-15,593,2,1,0,1,0,0,0,0,2,2,1,1,0,0,1,0,0,1,0,1,2,1,0,2,0,1,1,2,2,1,1,0,0,0,0,0,0,0,0,0,0,0,0
2021-10-16,594,2,1,0,1,0,0,0,0,2,2,1,1,0,0,1,0,0,1,0,1,2,1,0,2,0,1,1,2,2,1,1,0,0,0,0,0,0,0,0,0,0,0,0
2021-10-17,595,2,1,0,1,0,0,0,0,2,2,1,1,0,0,1,0,0,1,0,1,2,1,0,2,0,1,1,2,2,1,1,0,0,0,0,0,0,0,0,0,0,0,0
2021-10-18,596,2,1,0,1,0,0,0,0,2,2,1,1,0,0,1,0,0,1,0,1,2,1,0,2,0,1,1,2,2,1,1,0,0,0,0,0,0,0,0,0,0,0,0
2021-10-19,597,2,1,0,1,0,0,0,0,2,2,1,1,0,0,1,0,0,1,0,1,2,1,0,2,0,1,1,2,2,1,1,0,0,0,0,0,0,0,0,0,0,0,0
2021-10-20,598,2,1,0,1,0,0,0,0,2,2,1,1,0,0,1,0,0,1,0,1,2,1,0,2,0,1,1,2,2,1,1,0,0,0,0,0,0,0,0,0,0,0,0
2021-10-21,599,2,1,0,1,0,0,0,0,2,2,1,1,0,0,1,0,0,1,0,1,2,1,0,2,0,1,1,2,2,1,1,0,0,0,0,0,0,0,0,0,0,0,0
2021-10-22,600,2,1,0,1,0,0,0,0,2,2,1,1,0,0,1,0,0,1,0,1,2,1,0,2,0,1,1,2,2,1,1,0,0,0,0,0,0,0,0,0,0,0,0
2021-10-23,601,2,1,0,1,0,0,0,0,2,2,1,1,0,0,1,0,0,1,0,1,2,1,0,2,0,1,1,2,2,1,1,0,0,0,0,0,0,0,0,0,0,0,0
2021-10-24,602,2,1,0,1,0,0,0,0,2,2,1,1,0,0,1,0,0,1,0,1,2,1,0,2,0,1,1,2,2,1,1,0,0,0,0,0,0,0,0,0,0,0,0
2021-10-25,603,2,1,0,1,0,0,0,0,2,2,1,1,0,0,1,0,0,1,0,1,2,1,0,2,0,1,1,2,2,1,1,0,0,0,0,0,0,0,0,0,0,0,0
2021-10-26,604,2,1,0,1,0,0,0,0,2,2,1,1,0,0,1,0,0,1,0,1,2,1,0,2,0,1,1,2,2,1,1,0,0,0,0,0,0,0,0,0,0,0,0
2021-10-27,605,2,1,0,1,0,0,0,0,2,2,1,1,0,0,1,0,0,1,0,1,2,1,0,2,0,1,1,2,2,1,1,0,0,0,0,0,0,0,0,0,0,0,0
2021-10-28,606,2,1,0,1,0,0,0,0,2,2,1,1,0,0,1,0,0,1,0,1,2,1,0,2,0,1,1,2,2,1,1,0,0,0,0,0,0,0,0,0,0,0,0
2021-10-29,607,2,1,0,1,0,0,0,0,2,2,1,1,0,0,1,0,0,1,0,1,2,1,0,2,0,1,1,2,2,1,1,0,0,0,0,0,0,0,0,0,0,0,0
2021-10-30,608,2,1,0,1,0,0,0,0,2,2,1,1,0,0,1,0,0,1,0,1,2,1,0,2,0,1,1,2,2,1,1,0,0,0,0,0,0,0,0,0,0,0,0
2021-10-31,609,2,1,0,1,0,0,0,0,2,2,1,1,0,0,1,0,0,1,0,1,2,1,0,2,0,1,1,2,2,1,1,0,0,0,0,0,0,0,0,0,0,0,0
2021-11-01,610,2,1,0,1,0,0,0,0,2,2,1,1,0,0,1,0,0,1,0,1,2,1,0,2,0,1,1,2,2,1,1,0,0,0,0,0,0,0,0,0,0,0,0
2021-11-02,611,2,1,0,1,0,0,0,0,2,2,1,1,0,0,1,0,0,1,0,1,2,1,0,2,0,1,1,2,2,1,1,0,0,0,0,0,0,0,0,0,0,0,0
2021-11-03,612,2,1,0,1,0,0,0,0,2,2,1,1,0,0,1,0,0,1,0,1,2,1,0,2,0,1,1,2,2,1,1,0,0,0,0,0,0,0,0,0,0,0,0
2021-11-04,613,2,1,0,1,0,0,0,0,2,2,1,1,0,0,1,0,0,1,0,1,2,1,0,2,0,1,1,2,2,1,1,0,0,0,0,0,0,0,0,0,0,0,0
2021-11-05,614,2,1,0,1,0,0,0,0,2,2,1,1,0,0,1,0,0,1,0,1,2,1,0,2,0,1,1,2,2,1,1,0,0,0,0,0,0,0,0,0,0,0,0
2021-11-06,615,2,1,0,1,0,0,0,0,2,2,1,1,0,0,1,0,0,1,0,1,2,1,0,2,0,1,1,2,2,1,1,0,0,0,0,0,0,0,0,0,0,0,0
2021-11-07,616,2,1,0,1,0,0,0,0,2,2,1,1,0,0,1,0,0,1,0,1,2,1,0,2,0,1,1,2,2,1,1,0,0,0,0,0,0,0,0,0,0,0,0
2021-11-08,617,2,1,0,1,0,0,0,0,2,2,1,1,0,0,1,0,0,1,0,1,2,1,0,2,0,1,1,2,2,1,1,0,0,0,0,0,0,0,0,0,0,0,0
2021-11-09,618,2,1,0,1,0,0,0,0,2,2,1,1,0,0,1,0,0,1,0,1,2,1,0,2,0,1,1,2,2,1,1,0,0,0,0,0,0,0,0,0,0,0,0
2021-11-10,619,2,1,0,1,0,0,0,0,2,2,1,1,0,0,1,0,0,1,0,1,2,1,0,2,0,1,1,2,2,1,1,0,0,0,0,0,0,0,0,0,0,0,0
2021-11-11,620,2,1,0,1,0,0,0,0,2,2,1,1,0,0,1,0,0,1,0,1,2,1,0,2,0,1,1,2,2,1,1,0,0,0,0,0,0,0,0,0,0,0,0
2021-11-12,621,2,1,0,1,0,0,0,0,2,2,1,1,0,0,1,0,0,1,0,1,2,1,0,2,0,1,1,2,2,1,1,0,0,0,0,0,0,0,0,0,0,0,0
2021-11-13,622,2,1,0,1,0,0,0,0,2,2,1,1,0,0,1,0,0,1,0,1,2,1,0,2,0,1,1,2,2,1,1,0,0,0,0,0,0,0,0,0,0,0,0
2021-11-14,623,2,1,0,1,0,0,0,0,2,2,1,1,0,0,1,0,0,1,0,1,2,1,0,2,0,1,1,2,2,1,1,0,0,0,0,0,0,0,0,0,0,0,0
2021-11-15,624,2,1,0,1,0,0,0,0,2,2,1,1,0,0,1,0,0,1,0,1,2,1,0,2,0,1,1,2,2,1,1,0,0,0,0,0,0,0,0,0,0,0,0
2021-11-16,625,2,1,0,1,0,0,0,0,2,2,1,1,0,0,1,0,0,1,0,1,2,1,0,2,0,1,1,2,2,1,1,0,0,0,0,0,0,0,0,0,0,0,0
2021-11-17,626,2,1,0,1,0,0,0,0,2,2,1,1,0,0,1,0,0,1,0,1,2,1,0,2,0,1,1,2,2,1,1,0,0,0,0,0,0,0,0,0,0,0,0
2021-11-18,627,2,1,0,1,0,0,0,0,2,2,1,1,0,0,1,0,0,1,0,1,2,1,0,2,0,1,1,2,2,1,1,0,0,0,0,0,0,0,0,0,0,0,0
2021-11-19,628,2,1,0,1,0,0,0,0,2,2,1,1,0,0,1,0,0,1,0,1,2,1,0,2,0,1,1,2,2,1,1,0,0,0,0,0,0,0,0,0,0,0,0
2021-11-20,629,2,1,0,1,0,0,0,0,2,2,1,1,0,0,1,0,0,1,0,1,2,1,0,2,0,1,1,2,2,1,1,0,0,0,0,0,0,0,0,0,0,0,0
2021-11-21,630,2,1,0,1,0,0,0,0,2,2,1,1,0,0,1,0,0,1,0,1,2,1,0,2,0,1,1,2,2,1,1,0,0,0,0,0,0,0,0,0,0,0,0
2021-11-22,631,2,1,0,1,0,0,0,0,2,2,1,1,0,0,1,0,0,1,0,1,2,1,0,2,0,1,1,2,2,1,1,0,0,0,0,0,0,0,0,0,0,0,0
2021-11-23,632,2,1,0,1,0,0,0,0,2,2,1,1,0,0,1,0,0,1,0,1,2,1,0,2,0,1,1,2,2,1,1,0,0,0,0,0,0,0,0,0,0,0,0
2021-11-24,633,2,1,0,1,0,0,0,0,2,2,1,1,0,0,1,0,0,1,0,1,2,1,0,2,0,1,1,2,2,1,1,0,0,0,0,0,0,0,0,0,0,0,0
2021-11-25,634,2,1,0,1,0,0,0,0,2,2,1,1,0,0,1,0,0,1,0,1,2,1,0,2,0,1,1,2,2,1,1,0,0,0,0,0,0,0,0,0,0,0,0
2021-11-26,635,2,1,0,1,0,0,0,0,2,2,1,1,0,0,1,0,0,1,0,1,2,1,1,2,0,1,1,2,2,1,1,0,0,0,0,0,0,0,0,0,0,0,0
2021-11-27,636,2,1,0,1,0,0,0,0,2,2,1,1,0,0,1,0,0,1,0,1,2,1,1,2,0,1,1,2,2,1,1,0,0,0,0,0,0,0,0,0,0,0,0
2021-11-28,637,2,1,0,1,0,0,0,0,2,2,1,1,0,0,1,0,0,1,0,1,2,1,1,2,0,1,1,2,2,1,1,0,0,0,0,0,0,0,0,0,0,0,0
2021-11-29,638,2,1,0,1,0,0,0,0,2,2,1,1,0,0,1,0,0,1,0,1,2,1,1,2,0,1,1,2,2,1,1,0,0,0,0,0,0,0,0,0,0,0,0
2021-11-30,639,2,1,0,1,0,0,0,0,2,2,1,1,0,0,1,0,0,1,0,1,2,1,1,2,0,1,1,2,2,1,1,0,0,0,0,0,0,0,0,0,0,0,0
2021-12-01,640,2,1,0,1,0,0,0,0,2,2,1,1,0,0,1,0,0,1,0,1,2,1,1,2,0,1,1,2,2,1,1,0,0,0,0,0,0,0,0,0,0,0,0
2021-12-02,641,2,1,0,1,0,0,0,0,2,2,1,1,0,0,1,0,0,1,0,1,2,1,1,2,0,1,1,2,2,1,1,0,0,0,0,0,0,0,0,0,0,0,0
2021-12-03,642,2,1,0,1,0,0,0,0,2,2,1,1,0,0,1,0,0,1,0,1,2,1,1,2,0,1,1,2,2,1,1,0,0,0,0,0,0,0,0,0,0,0,0
2021-12-04,643,2,1,0,1,0,0,0,0,2,2,1,1,0,0,1,0,0,1,0,1,2,1,1,2,0,1,1,2,2,1,1,0,0,0,0,0,0,0,0,0,0,0,0
2021-12-05,644,2,1,0,1,0,0,0,0,2,2,1,1,0,0,1,0,0,1,0,1,2,1,0,2,0,1,1,2,2,1,1,0,0,0,0,0,0,0,0,0,0,0,0
2021-12-06,645,2,1,0,1,0,0,0,0,2,2,1,1,0,0,1,0,0,1,0,1,2,1,0,2,0,1,1,2,2,1,1,0,0,0,0,0,0,0,0,0,0,0,0
2021-12-07,646,2,1,0,1,0,0,0,0,2,2,1,1,0,0,1,0,0,1,0,1,2,1,0,2,0,1,1,2,2,1,1,0,0,0,0,0,0,0,0,0,0,0,0
2021-12-08,647,2,1,0,1,0,0,0,0,2,2,1,1,0,0,1,0,0,1,0,1,2,1,0,2,0,1,1,2,2,1,1,0,0,0,0,0,0,0,0,0,0,0,0
2021-12-09,648,2,1,0,1,0,0,0,0,2,2,1,1,0,0,1,0,0,1,0,1,2,1,0,2,0,1,1,2,2,1,1,0,0,0,0,0,0,0,0,0,0,0,0
2021-12-10,649,2,1,0,1,0,0,0,0,2,2,1,1,0,0,1,0,0,1,0,1,2,1,0,2,0,1,1,2,2,1,1,0,0,0,0,0,0,0,0,0,0,0,0
2021-12-11,650,2,1,0,1,0,0,0,0,2,2,1,1,0,0,1,0,0,1,0,1,2,1,0,2,0,1,1,2,2,1,1,0,0,0,0,0,0,0,0,0,0,0,0
2021-12-12,651,2,1,0,1,0,0,0,0,2,2,1,1,0,0,1,0,0,1,0,1,2,1,0,2,0,1,1,2,2,1,1,0,0,0,0,0,0,0,0,0,0,0,0
2021-12-13,652,2,1,0,1,0,0,0,0,2,2,1,1,0,0,1,0,0,1,0,1,2,1,0,2,0,1,1,2,2,1,1,0,0,0,0,0,0,0,0,0,0,0,0
2021-12-14,653,2,1,0,1,0,0,0,0,2,2,1,1,0,0,1,0,0,1,0,1,2,1,0,2,0,1,1,2,2,1,1,0,0,0,0,0,0,0,0,0,0,0,0
2021-12-15,654,2,1,0,1,0,0,0,0,2,2,1,1,0,0,1,0,0,1,0,1,2,1,0,2,0,1,1,2,2,1,1,0,0,0,0,0,0,0,0,0,0,0,0
2021-12-16,655,2,1,0,1,0,0,0,0,2,2,1,1,0,0,1,0,0,1,0,1,2,1,0,2,0,1,1,2,2,1,1,0,0,0,0,0,0,0,0,0,0,0,0
2021-12-17,656,2,1,0,1,0,0,0,0,2,2,1,1,0,0,1,0,0,1,0,1,2,1,0,2,0,1,1,2,2,1,1,0,0,0,0,0,0,0,0,0,0,0,0
2021-12-18,657,2,1,0,1,0,0,0,0,2,2,1,1,0,0,1,0,0,1,0,1,2,1,0,2,0,1,1,2,2,1,1,0,0,0,0,0,0,0,0,0,0,0,0
2021-12-19,658,2,1,0,1,0,0,0,0,2,2,1,1,0,0,1,0,0,1,0,1,2,1,0,2,0,1,1,2,2,1,1,0,0,0,0,0,0,0,0,0,0,0,0
2021-12-20,659,2,1,0,1,0,0,0,0,2,2,1,1,0,0,1,0,0,1,0,1,2,1,0,2,0,1,1,2,2,1,1,0,0,0,0,0,0,0,0,0,0,0,0
2021-12-21,660,2,1,0,1,0,0,0,0,2,2,1,1,0,0,1,0,0,1,0,1,2,1,0,2,0,1,1,2,2,1,1,0,0,0,0,0,0,0,0,0,0,0,0
2021-12-22,661,2,1,0,1,0,0,0,0,2,2,1,1,0,0,1,0,0,1,0,1,2,1,0,2,0,1,1,2,2,1,1,0,0,0,0,0,0,0,0,0,0,0,0
2021-12-23,662,2,1,0,1,0,0,0,0,2,2,1,1,0,0,1,0,0,1,0,1,2,1,0,2,0,1,1,2,2,1,1,0,0,0,0,0,0,0,0,0,0,0,0
2021-12-24,663,2,1,0,1,0,0,0,0,2,2,1,1,0,0,1,0,0,1,0,1,2,1,0,2,0,1,1,2,2,1,1,0,0,0,0,0,0,0,0,0,0,0,0
2021-12-25,664,2,1,0,1,0,0,0,0,2,2,1,1,0,0,1,0,0,1,0,1,2,1,0,2,0,1,1,2,2,1,1,0,0,0,0,0,0,0,0,0,0,0,0
2021-12-26,665,2,1,0,1,0,0,0,0,2,2,1,1,0,0,1,0,0,1,0,1,2,1,0,2,0,1,1,2,2,1,1,0,0,0,0,0,0,0,0,0,0,0,0
2021-12-27,666,2,1,0,1,0,0,0,0,2,2,1,1,0,0,1,0,0,1,0,1,2,1,0,2,0,1,1,2,2,1,1,0,0,0,0,0,0,0,0,0,0,0,0
2021-12-28,667,2,1,0,1,0,0,0,0,2,2,1,1,0,0,1,0,0,1,0,1,2,1,0,2,0,1,1,2,2,1,1,0,0,0,0,0,0,0,0,0,0,0,0
2021-12-29,668,2,1,0,1,0,0,0,0,2,2,1,1,0,0,1,0,0,1,0,1,2,1,0,2,0,1,1,2,2,1,1,0,0,0,0,0,0,0,0,0,0,0,0
2021-12-30,669,2,1,0,1,0,0,0,0,2,2,1,1,0,0,1,0,0,1,0,1,2,1,0,2,0,1,1,2,2,1,1,0,0,0,0,0,0,0,0,0,0,0,0
2021-12-31,670,2,1,0,1,0,0,0,0,2,2,1,1,0,0,1,0,0,1,0,1,2,1,0,2,0,1,1,2,2,1,1,0,0,0,0,0,0,0,0,0,0,0,0
2022-01-01,671,2,1,0,1,0,0,0,0,2,2,1,1,0,0,1,0,0,1,0,1,2,1,0,2,0,1,1,2,2,1,1,0,0,0,0,0,0,0,0,0,0,0,0
2022-01-02,672,2,1,0,1,0,0,0,0,2,2,1,1,0,0,1,0,0,1,0,1,2,1,0,2,2,1,1,2,2,1,1,0,0,0,0,0,0,0,0,0,0,0,0
2022-01-03,673,2,1,0,1,0,0,0,0,2,2,1,1,0,0,1,0,0,1,0,1,2,1,0,2,2,1,1,2,2,1,1,0,0,0,0,0,0,0,0,0,0,0,0
2022-01-04,674,2,1,0,1,0,0,0,0,2,2,1,1,0,0,1,0,0,1,0,1,2,1,0,2,2,1,1,2,2,1,1,0,0,0,0,0,0,0,0,0,0,0,0
2022-01-05,675,2,1,0,1,0,0,0,0,2,2,1,1,0,0,1,0,0,1,0,1,2,1,0,2,2,1,1,2,2,1,1,0,0,0,0,0,0,0,0,0,0,0,0
2022-01-06,676,2,1,0,1,0,0,0,0,2,2,1,1,0,0,1,0,0,1,0,1,2,1,0,2,2,1,1,2,2,1,1,0,0,0,0,0,0,0,0,0,0,0,0
2022-01-07,677,2,1,0,1,0,0,0,0,2,2,1,1,0,0,1,0,0,1,0,1,2,1,0,2,2,1,1,2,2,1,1,0,0,0,0,0,0,0,0,0,0,0,0
2022-01-08,678,2,1,0,1,0,0,0,0,2,2,1,1,0,0,1,0,0,1,0,1,2,1,0,2,2,1,1,2,2,1,1,0,0,0,0,0,0,0,0,0,0,0,0
2022-01-09,679,2,1,0,1,0,0,0,0,2,2,1,1,0,0,1,0,0,1,0,1,2,1,0,2,2,1,1,2,2,1,1,0,0,0,0,0,0,0,0,0,0,0,0
2022-01-10,680,2,1,0,1,0,0,0,0,2,2,1,1,0,0,1,0,0,1,0,1,2,1,0,2,2,1,1,2,2,1,1,0,0,0,0,0,0,0,0,0,0,0,0
2022-01-11,681,2,1,0,1,0,0,0,0,2,2,1,1,0,0,1,0,0,1,0,1,2,1,0,2,2,1,1,2,2,1,1,0,0,0,0,0,0,0,0,0,0,0,0
2022-01-12,682,2,1,0,1,0,0,0,0,2,2,1,1,0,0,1,0,0,1,0,1,2,1,0,2,2,1,1,2,2,1,1,0,0,0,0,0,0,0,0,0,0,0,0
2022-01-13,683,2,1,0,1,0,0,0,0,2,2,1,1,0,0,1,0,0,1,0,1,2,1,0,2,2,1,1,2,2,1,1,0,0,0,0,0,0,0,0,0,0,0,0
2022-01-14,684,2,1,0,1,0,0,0,0,2,2,1,1,0,0,1,0,0,1,0,1,2,1,0,2,2,1,1,2,2,1,1,0,0,0,0,0,0,0,0,0,0,0,0
2022-01-15,685,2,1,0,1,0,0,0,0,2,2,1,1,0,0,1,0,0,1,0,1,2,1,0,2,2,1,1,2,2,1,1,0,0,0,0,0,0,0,0,0,0,0,0
2022-01-16,686,2,1,0,1,0,0,0,0,2,2,1,1,0,0,1,0,0,1,0,1,2,1,0,2,2,1,1,2,2,1,1,0,0,0,0,0,0,0,0,0,0,0,0
2022-01-17,687,2,1,0,1,0,0,0,0,2,2,1,1,0,0,1,0,0,1,0,1,2,1,0,2,2,1,1,2,2,1,1,0,0,0,0,0,0,0,0,0,0,0,0
2022-01-18,688,2,1,0,1,0,0,0,0,2,2,1,1,0,0,1,0,0,1,0,1,2,1,0,2,2,1,1,2,2,1,1,0,0,0,0,0,0,0,0,0,0,0,0
2022-01-19,689,2,1,0,1,0,0,0,0,2,2,1,1,0,0,1,0,0,1,0,1,2,1,0,2,2,1,1,2,2,1,1,0,0,0,0,0,0,0,0,0,0,0,0
2022-01-20,690,2,1,0,1,0,0,0,0,2,2,1,1,0,0,1,0,0,1,0,1,2,1,0,2,2,1,1,2,2,1,1,0,0,0,0,0,0,0,0,0,0,0,0
2022-01-21,691,2,1,0,1,0,0,0,0,2,2,1,1,0,0,1,0,0,1,0,1,2,1,0,2,2,1,1,2,2,1,1,0,0,0,0,0,0,0,0,0,0,0,0
2022-01-22,692,2,1,0,1,0,0,0,0,2,2,1,1,0,0,1,0,0,1,0,1,2,1,0,2,2,1,1,2,2,1,1,0,0,0,0,0,0,0,0,0,0,0,0
2022-01-23,693,2,1,0,1,0,0,0,0,2,2,1,1,0,0,1,0,0,1,0,1,2,1,0,2,2,1,1,2,2,1,1,0,0,0,0,0,0,0,0,0,0,0,0
2022-01-24,694,2,1,0,1,0,0,0,0,2,2,1,1,0,0,1,0,0,1,0,1,2,1,0,2,2,1,1,2,2,1,1,0,0,0,0,0,0,0,0,0,0,0,0
2022-01-25,695,2,1,0,1,0,0,0,0,2,2,1,1,0,0,1,0,0,1,0,1,2,1,0,2,2,1,1,2,2,1,1,0,0,0,0,0,0,0,0,0,0,0,0
2022-01-26,696,2,1,0,1,0,0,0,0,2,2,1,1,0,0,1,0,0,1,0,1,2,1,0,2,2,1,1,2,2,1,1,0,0,0,0,0,0,0,0,0,0,0,0
2022-01-27,697,2,1,0,1,0,0,0,0,2,2,1,1,0,0,1,0,0,1,0,1,2,1,0,2,2,1,1,2,2,1,1,0,0,0,0,0,0,0,0,0,0,0,0
2022-01-28,698,2,1,0,1,0,0,0,0,2,2,1,1,0,0,1,0,0,1,0,1,2,1,0,2,2,1,1,2,2,1,1,0,0,0,0,0,0,0,0,0,0,0,0
2022-01-29,699,2,1,0,1,0,0,0,0,2,2,1,1,0,0,1,0,0,1,0,1,2,1,0,2,2,1,1,2,2,1,1,0,0,0,0,0,0,0,0,0,0,0,0
2022-01-30,700,2,1,0,1,0,0,0,0,2,2,1,1,0,0,1,0,0,1,0,1,2,1,0,2,2,1,1,2,2,1,1,0,0,0,0,0,0,0,0,0,0,0,0
2022-01-31,701,2,1,0,1,0,0,0,0,2,2,1,1,0,0,1,0,0,1,0,1,2,1,0,2,2,1,1,2,2,1,1,0,0,0,0,0,0,0,0,0,0,0,0
2022-02-01,702,2,1,0,1,0,0,0,0,2,2,1,1,0,0,1,0,0,1,0,1,2,1,0,2,2,1,1,2,2,1,1,0,0,0,0,0,0,0,0,0,0,0,0
2022-02-02,703,2,1,0,1,0,2,0,0,2,2,1,1,0,0,1,0,0,1,0,0,2,1,0,2,2,1,1,2,2,1,1,0,0,0,0,0,0,0,0,0,0,0,0
2022-02-03,704,2,1,0,1,0,2,0,0,2,2,1,1,0,0,1,0,0,1,0,0,2,1,0,2,2,1,1,2,2,1,1,0,0,0,0,0,0,0,0,0,0,0,0
2022-02-04,705,2,1,0,1,0,2,0,0,2,2,1,1,0,0,1,0,0,1,0,0,2,1,0,2,2,1,1,2,2,1,1,0,0,0,0,0,0,0,0,0,0,0,0
2022-02-05,706,2,1,0,1,0,2,0,0,2,2,1,1,0,0,1,0,0,1,0,0,2,1,0,2,2,1,1,2,2,1,1,0,0,0,0,0,0,0,0,0,0,0,0
2022-02-06,707,2,1,0,1,0,2,0,0,2,2,1,1,0,0,1,0,0,1,0,0,2,1,0,2,2,1,1,2,2,1,1,0,0,0,0,0,0,0,0,0,0,0,0
2022-02-07,708,2,1,0,1,0,2,0,0,2,2,1,1,0,0,1,0,0,1,0,0,2,1,0,2,2,1,1,2,2,1,1,0,0,0,0,0,0,0,0,0,0,0,0
2022-02-08,709,2,1,0,1,0,2,0,0,2,2,1,1,0,0,1,0,0,1,0,0,2,1,0,2,2,1,1,2,2,1,1,0,0,0,0,0,0,0,0,0,0,0,0
2022-02-09,710,2,1,0,1,0,2,0,0,2,2,1,1,0,0,1,0,0,1,0,0,2,1,0,2,2,1,1,2,2,1,1,0,0,0,0,0,0,0,0,0,0,0,0
2022-02-10,711,2,1,0,1,0,2,0,0,2,2,1,1,0,0,1,0,0,1,0,0,2,1,0,2,2,1,1,2,2,1,1,0,0,0,0,0,0,0,0,0,0,0,0
2022-02-11,712,2,1,0,1,0,2,0,0,2,2,1,1,0,0,1,0,0,1,0,0,2,1,0,2,2,1,1,2,2,1,1,0,0,0,0,0,0,0,0,0,0,0,0
2022-02-12,713,2,1,0,1,0,2,0,0,2,2,1,1,0,0,1,0,0,1,0,0,2,1,0,2,2,1,1,2,2,1,1,0,0,0,0,0,0,0,0,0,0,0,0
2022-02-13,714,2,1,0,1,0,2,0,0,2,2,1,1,0,0,1,0,0,1,0,0,2,1,0,2,2,1,1,2,2,1,1,0,0,0,0,0,0,0,0,0,0,0,0
2022-02-14,715,2,1,0,1,0,2,0,0,2,2,1,1,0,0,1,0,0,1,0,0,2,1,0,2,2,1,1,2,2,1,1,0,0,0,0,0,0,0,0,0,0,0,0
2022-02-15,716,2,1,0,1,0,2,0,0,2,2,1,1,0,0,1,0,0,1,0,0,2,1,0,2,2,1,1,2,2,1,1,0,0,0,0,0,0,0,0,0,0,0,0
2022-02-16,717,2,1,0,1,0,2,0,0,2,2,1,1,0,0,1,0,0,1,0,0,2,1,0,2,2,1,1,2,2,1,1,0,0,0,0,0,0,0,0,0,0,0,0
2022-02-17,718,2,1,0,1,0,2,0,0,2,2,1,1,0,0,1,0,0,1,0,0,2,1,0,2,2,1,1,2,2,0,0,0,0,0,0,0,0,0,0,0,0,0,0
2022-02-18,719,2,1,0,1,0,2,0,0,2,2,1,1,0,0,1,0,0,1,0,0,2,1,0,2,2,1,1,2,2,0,0,0,0,0,0,0,0,0,0,0,0,0,0
2022-02-19,720,2,1,0,1,0,2,0,0,2,2,1,1,0,0,1,0,0,1,0,0,2,1,0,2,2,1,1,2,2,0,0,0,0,0,0,0,0,0,0,0,0,0,0
2022-02-20,721,2,1,0,1,0,2,0,0,2,2,1,1,0,0,1,0,0,1,0,0,2,1,0,2,2,1,1,2,2,0,0,0,0,0,0,0,0,0,0,0,0,0,0
2022-02-21,722,2,1,0,1,0,2,0,0,2,2,1,1,0,0,1,0,0,1,0,0,2,1,0,2,2,1,1,2,2,0,0,0,0,0,0,0,0,0,0,0,0,0,0
2022-02-22,723,2,1,0,1,0,2,0,0,2,2,1,1,0,0,1,0,0,1,0,0,2,1,0,2,2,1,1,2,2,0,0,0,0,0,0,0,0,0,0,0,0,0,0
2022-02-23,724,2,1,0,1,0,2,0,0,2,2,1,1,0,0,1,0,0,1,0,0,2,1,0,2,2,1,1,2,2,0,0,0,0,0,0,0,0,0,0,0,0,0,0
2022-02-24,725,2,1,0,1,0,2,0,0,2,2,1,1,0,0,1,0,0,1,0,0,2,1,0,2,2,1,1,2,2,0,0,0,0,0,0,0,0,0,0,0,0,0,0
2022-02-25,726,2,1,0,1,0,2,0,0,2,2,1,1,0,0,1,0,0,1,0,0,2,1,0,2,2,1,1,2,2,0,0,0,0,0,0,0,0,0,0,0,0,0,0
2022-02-26,727,2,1,0,1,0,2,0,0,2,2,1,1,0,0,1,0,0,1,0,0,2,1,0,2,2,1,1,2,2,0,0,0,0,0,0,0,0,0,0,0,0,0,0
2022-02-27,728,2,1,0,1,0,2,0,0,2,2,1,1,0,0,1,0,0,1,0,0,2,1,0,2,2,1,1,2,2,0,0,0,0,0,0,0,0,0,0,0,0,0,0
2022-02-28,729,2,1,0,1,0,1,0,0,2,2,1,1,0,0,1,0,0,1,0,0,2,1,0,2,2,1,1,2,2,0,0,0,0,0,0,0,0,0,0,0,0,0,0
2022-03-01,730,2,1,0,1,0,1,0,0,2,2,1,1,0,0,1,0,0,1,0,0,2,1,0,1,2,1,1,2,2,0,0,0,0,0,0,0,0,0,0,0,0,0,0
2022-03-02,731,2,1,0,1,0,1,0,0,2,2,1,1,0,0,1,0,0,1,0,0,2,1,0,1,2,1,1,2,2,0,0,0,0,0,0,0,0,0,0,0,0,0,0
2022-03-03,732,2,1,0,1,0,1,0,0,2,2,1,1,0,0,1,0,0,1,0,0,2,1,0,1,2,1,1,2,2,0,0,0,0,0,0,0,0,0,0,0,0,0,0
2022-03-04,733,2,1,0,1,0,1,0,0,2,2,1,1,0,0,1,0,0,1,0,0,2,1,0,1,2,1,1,2,2,0,0,0,0,0,0,0,0,0,0,0,0,0,0
2022-03-05,734,2,1,0,1,0,1,0,0,2,2,1,1,0,0,1,0,0,1,0,0,2,1,0,1,2,1,1,2,2,0,0,0,0,0,0,0,0,0,0,0,0,0,0
2022-03-06,735,2,1,0,1,0,1,0,0,2,2,1,1,0,0,1,0,0,1,0,0,2,1,0,1,2,1,1,2,2,0,0,0,0,0,0,0,0,0,0,0,0,0,0
2022-03-07,736,2,1,0,1,0,1,0,0,2,2,1,1,0,0,1,0,0,1,0,0,2,1,0,1,2,1,1,2,2,0,0,0,0,0,0,0,0,0,0,0,0,0,0
2022-03-08,737,2,1,0,1,0,1,0,0,2,2,1,1,0,0,1,0,0,1,0,0,2,1,0,1,2,1,1,2,2,0,0,0,0,0,0,0,0,0,0,0,0,0,0
2022-03-09,738,2,1,0,1,0,1,0,0,2,2,1,1,0,0,1,0,0,1,0,0,2,1,0,1,2,1,1,2,2,0,0,0,0,0,0,0,0,0,0,0,0,0,0
2022-03-10,739,2,1,0,1,0,1,0,0,2,2,1,1,0,0,1,0,0,1,0,0,2,1,0,1,2,1,1,2,2,0,0,0,0,0,0,0,0,0,0,0,0,0,0
2022-03-11,740,2,1,0,1,0,1,0,0,2,2,1,1,0,0,1,0,0,1,0,0,2,1,0,1,2,1,1,2,2,0,0,0,0,0,0,0,0,0,0,0,0,0,0
2022-03-12,741,2,1,0,1,0,1,0,0,2,2,1,1,0,0,1,0,0,1,0,0,2,1,0,1,2,1,1,2,2,0,0,0,0,0,0,0,0,0,0,0,0,0,0
2022-03-13,742,2,1,0,1,0,1,0,0,2,2,1,1,0,0,1,0,0,1,0,0,2,1,0,1,2,1,1,2,2,0,0,0,0,0,0,0,0,0,0,0,0,0,0
2022-03-14,743,2,1,0,1,0,1,0,0,2,2,0,0,0,0,1,0,0,1,0,0,2,0,0,1,2,0,0,0,0,0,0,0,0,0,0,0,0,0,0,0,0,0,0
2022-03-15,744,2,1,0,0,0,1,0,0,2,2,0,0,0,0,1,0,0,1,0,0,2,0,0,0,2,0,0,0,0,0,0,0,0,0,0,0,0,0,0,0,0,0,0
2022-03-16,745,2,1,0,0,0,1,0,0,2,2,0,0,0,0,1,0,0,1,0,0,2,0,0,0,2,0,0,0,0,0,0,0,0,0,0,0,0,0,0,0,0,0,0
2022-03-17,746,2,1,0,0,0,1,0,0,2,2,0,0,0,0,1,0,0,1,0,0,2,0,0,0,2,0,0,0,0,0,0,0,0,0,0,0,0,0,0,0,0,0,0
2022-03-18,747,2,1,0,0,0,1,0,0,2,2,0,0,0,0,1,0,0,1,0,0,2,0,0,0,2,0,0,0,0,0,0,0,0,0,0,0,0,0,0,0,0,0,0
2022-03-19,748,2,1,0,0,0,1,0,0,2,2,0,0,0,0,1,0,0,1,0,0,2,0,0,0,2,0,0,0,0,0,0,0,0,0,0,0,0,0,0,0,0,0,0
2022-03-20,749,2,1,0,0,0,1,0,0,2,2,0,0,0,0,1,0,0,1,0,0,2,0,0,0,2,0,0,0,0,0,0,0,0,0,0,0,0,0,0,0,0,0,0
2022-03-21,750,2,1,0,0,0,1,0,0,2,2,0,0,0,0,1,0,0,1,0,0,2,0,0,0,0,0,0,0,0,0,0,0,0,0,0,0,0,0,0,0,0,0,0
2022-03-22,751,2,1,0,0,0,1,0,0,2,2,0,0,0,0,1,0,0,1,0,0,2,0,0,0,0,0,0,0,0,0,0,0,0,0,0,0,0,0,0,0,0,0,0
2022-03-23,752,2,1,0,0,0,1,0,0,2,2,0,0,0,0,1,0,0,1,0,0,2,0,0,0,0,0,0,0,0,0,0,0,0,0,0,0,0,0,0,0,0,0,0
2022-03-24,753,2,1,0,0,0,1,0,0,2,2,0,0,0,0,1,0,0,1,0,0,2,0,0,0,0,0,0,0,0,0,0,0,0,0,0,0,0,0,0,0,0,0,0
2022-03-25,754,2,1,0,0,0,1,0,0,2,2,0,0,0,0,1,0,0,1,0,0,2,0,0,0,0,0,0,0,0,0,0,0,0,0,0,0,0,0,0,0,0,0,0
2022-03-26,755,2,1,0,0,0,1,0,0,2,2,0,0,0,0,1,0,0,1,0,0,2,0,0,0,0,0,0,0,0,0,0,0,0,0,0,0,0,0,0,0,0,0,0
2022-03-27,756,2,1,0,0,0,1,0,0,2,2,0,0,0,0,1,0,0,1,0,0,2,0,0,0,0,0,0,0,0,0,0,0,0,0,0,0,0,0,0,0,0,0,0
2022-03-28,757,2,1,0,0,0,1,0,0,2,2,0,0,0,0,1,0,0,1,0,0,2,0,0,0,0,0,0,0,0,0,0,0,0,0,0,0,0,0,0,0,0,0,0
2022-03-29,758,2,1,0,0,0,1,0,0,2,2,0,0,0,0,1,0,0,1,0,0,2,0,0,0,0,0,0,0,0,0,0,0,0,0,0,0,0,0,0,0,0,0,0
2022-03-30,759,2,1,0,0,0,1,0,0,2,2,0,0,0,0,1,0,0,1,0,0,2,0,0,0,0,0,0,0,0,0,0,0,0,0,0,0,0,0,0,0,0,0,0
2022-03-31,760,2,1,0,0,0,1,0,0,2,2,0,0,0,0,1,0,0,0,0,0,0,0,0,0,0,0,0,0,0,0,0,0,0,0,0,0,0,0,0,0,0,0,0
2022-04-01,761,2,1,0,0,0,1,0,0,2,2,0,0,0,0,0,0,0,0,0,0,0,0,0,0,0,0,0,0,0,0,0,0,0,0,0,0,0,0,0,0,0,0,0
2022-04-02,762,2,1,0,0,0,1,0,0,2,2,0,0,0,0,0,0,0,0,0,0,0,0,0,0,0,0,0,0,0,0,0,0,0,0,0,0,0,0,0,0,0,0,0
2022-04-03,763,2,1,0,0,0,1,0,0,2,2,0,0,0,0,0,0,0,0,0,0,0,0,0,0,0,0,0,0,0,0,0,0,0,0,0,0,0,0,0,0,0,0,0
2022-04-04,764,2,1,0,0,0,1,0,0,2,2,0,0,0,0,0,0,0,0,0,0,0,0,0,0,0,0,0,0,0,0,0,0,0,0,0,0,0,0,0,0,0,0,0
2022-04-05,765,2,1,0,0,0,1,0,0,2,2,0,0,0,0,0,0,0,0,0,0,0,0,0,0,0,0,0,0,0,0,0,0,0,0,0,0,0,0,0,0,0,0,0
2022-04-06,766,2,1,0,0,0,1,0,0,2,2,0,0,0,0,0,0,0,0,0,0,0,0,0,0,0,0,0,0,0,0,0,0,0,0,0,0,0,0,0,0,0,0,0
2022-04-07,767,2,1,0,0,0,1,0,0,2,2,0,0,0,0,0,0,0,0,0,0,0,0,0,0,0,0,0,0,0,0,0,0,0,0,0,0,0,0,0,0,0,0,0
2022-04-08,768,2,1,0,0,0,1,0,0,2,2,0,0,0,0,0,0,0,0,0,0,0,0,0,0,0,0,0,0,0,0,0,0,0,0,0,0,0,0,0,0,0,0,0
2022-04-09,769,2,1,0,0,0,1,0,0,2,2,0,0,0,0,0,0,0,0,0,0,0,0,0,0,0,0,0,0,0,0,0,0,0,0,0,0,0,0,0,0,0,0,0
2022-04-10,770,2,1,0,0,0,1,0,0,2,2,0,0,0,0,0,0,0,0,0,0,0,0,0,0,0,0,0,0,0,0,0,0,0,0,0,0,0,0,0,0,0,0,0
2022-04-11,771,2,1,0,0,0,1,0,0,2,2,0,0,0,0,0,0,0,0,0,0,0,0,0,0,0,0,0,0,0,0,0,0,0,0,0,0,0,0,0,0,0,0,0
2022-04-12,772,2,1,0,0,0,1,0,0,2,2,0,0,0,0,0,0,0,0,0,0,0,0,0,0,0,0,0,0,0,0,0,0,0,0,0,0,0,0,0,0,0,0,0
2022-04-13,773,2,1,0,0,0,1,0,0,2,2,0,0,0,0,0,0,0,0,0,0,0,0,0,0,0,0,0,0,0,0,0,0,0,0,0,0,0,0,0,0,0,0,0
2022-04-14,774,2,1,0,0,0,1,0,0,2,2,0,0,0,0,0,0,0,0,0,0,0,0,0,0,0,0,0,0,0,0,0,0,0,0,0,0,0,0,0,0,0,0,0
2022-04-15,775,2,1,0,0,0,1,0,0,2,2,0,0,0,0,0,0,0,0,0,0,0,0,0,0,0,0,0,0,0,0,0,0,0,0,0,0,0,0,0,0,0,0,0
2022-04-16,776,2,1,0,0,0,1,0,0,2,2,0,0,0,0,0,0,0,0,0,0,0,0,0,0,0,0,0,0,0,0,0,0,0,0,0,0,0,0,0,0,0,0,0
2022-04-17,777,2,1,0,0,0,1,0,0,2,2,0,0,0,0,0,0,0,0,0,0,0,0,0,0,0,0,0,0,0,0,0,0,0,0,0,0,0,0,0,0,0,0,0
2022-04-18,778,2,1,0,0,0,1,0,0,2,2,0,0,0,0,0,0,0,0,0,0,0,0,0,0,0,0,0,0,0,0,0,0,0,0,0,0,0,0,0,0,0,0,0
2022-04-19,779,2,1,0,0,0,1,0,0,2,2,0,0,0,0,0,0,0,0,0,0,0,0,0,0,0,0,0,0,0,0,0,0,0,0,0,0,0,0,0,0,0,0,0
2022-04-20,780,2,1,0,0,0,1,0,0,2,2,0,0,0,0,0,0,0,0,0,0,0,0,0,0,0,0,0,0,0,0,0,0,0,0,0,0,0,0,0,0,0,0,0
2022-04-21,781,2,1,0,0,0,1,0,0,2,2,0,0,0,0,0,0,0,0,0,0,0,0,0,0,0,0,0,0,0,0,0,0,0,0,0,0,0,0,0,0,0,0,0
2022-04-22,782,2,1,0,0,0,1,0,0,2,2,0,0,0,0,0,0,0,0,0,0,0,0,0,0,0,0,0,0,0,0,0,0,0,0,0,0,0,0,0,0,0,0,0
2022-04-23,783,2,1,0,0,0,1,0,0,2,2,0,0,0,0,0,0,0,0,0,0,0,0,0,0,0,0,0,0,0,0,0,0,0,0,0,0,0,0,0,0,0,0,0
2022-04-24,784,2,1,0,0,0,1,0,0,2,2,0,0,0,0,0,0,0,0,0,0,0,0,0,0,0,0,0,0,0,0,0,0,0,0,0,0,0,0,0,0,0,0,0
2022-04-25,785,2,1,0,0,0,1,0,0,2,2,0,0,0,0,0,0,0,0,0,0,0,0,0,0,0,0,0,0,0,0,0,0,0,0,0,0,0,0,0,0,0,0,0
2022-04-26,786,2,1,0,0,0,1,0,0,2,2,0,0,0,0,0,0,0,0,0,0,0,0,0,0,0,0,0,0,0,0,0,0,0,0,0,0,0,0,0,0,0,0,0
2022-04-27,787,2,1,0,0,0,1,0,0,2,2,0,0,0,0,0,0,0,0,0,0,0,0,0,0,0,0,0,0,0,0,0,0,0,0,0,0,0,0,0,0,0,0,0
2022-04-28,788,2,1,0,0,0,1,0,0,2,2,0,0,0,0,0,0,0,0,0,0,0,0,0,0,0,0,0,0,0,0,0,0,0,0,0,0,0,0,0,0,0,0,0
2022-04-29,789,2,1,0,0,0,1,0,0,2,2,0,0,0,0,0,0,0,0,0,0,0,0,0,0,0,0,0,0,0,0,0,0,0,0,0,0,0,0,0,0,0,0,0
2022-04-30,790,2,1,0,0,0,1,0,0,2,2,0,0,0,0,0,0,0,0,0,0,0,0,0,0,0,0,0,0,0,0,0,0,0,0,0,0,0,0,0,0,0,0,0
2022-05-01,791,2,1,0,0,0,1,0,0,2,2,0,0,0,0,0,0,0,0,0,0,0,0,0,0,0,0,0,0,0,0,0,0,0,0,0,0,0,0,0,0,0,0,0
2022-05-02,792,2,1,0,0,0,1,0,0,2,2,0,0,0,0,0,0,0,0,0,0,0,0,0,0,0,0,0,0,0,0,0,0,0,0,0,0,0,0,0,0,0,0,0
2022-05-03,793,2,1,0,0,0,1,0,0,2,2,0,0,0,0,0,0,0,0,0,0,0,0,0,0,0,0,0,0,0,0,0,0,0,0,0,0,0,0,0,0,0,0,0
2022-05-04,794,2,1,0,0,0,1,0,0,2,2,0,0,0,0,0,0,0,0,0,0,0,0,0,0,0,0,0,0,0,0,0,0,0,0,0,0,0,0,0,0,0,0,0
2022-05-05,795,2,1,0,0,0,1,0,0,2,2,0,0,0,0,0,0,0,0,0,0,0,0,0,0,0,0,0,0,0,0,0,0,0,0,0,0,0,0,0,0,0,0,0
2022-05-06,796,2,1,0,0,0,1,0,0,2,2,0,0,0,0,0,0,0,0,0,0,0,0,0,0,0,0,0,0,0,0,0,0,0,0,0,0,0,0,0,0,0,0,0
2022-05-07,797,2,1,0,0,0,1,0,0,2,2,0,0,0,0,0,0,0,0,0,0,0,0,0,0,0,0,0,0,0,0,0,0,0,0,0,0,0,0,0,0,0,0,0
2022-05-08,798,2,1,0,0,0,1,0,0,2,2,0,0,0,0,0,0,0,0,0,0,0,0,0,0,0,0,0,0,0,0,0,0,0,0,0,0,0,0,0,0,0,0,0
2022-05-09,799,2,1,0,0,0,1,0,0,2,2,0,0,0,0,0,0,0,0,0,0,0,0,0,0,0,0,0,0,0,0,0,0,0,0,0,0,0,0,0,0,0,0,0
2022-05-10,800,2,1,0,0,0,1,0,0,2,2,0,0,0,0,0,0,0,0,0,0,0,0,0,0,0,0,0,0,0,0,0,0,0,0,0,0,0,0,0,0,0,0,0
2022-05-11,801,2,1,0,0,0,1,0,0,2,2,0,0,0,0,0,0,0,0,0,0,0,0,0,0,0,0,0,0,0,0,0,0,0,0,0,0,0,0,0,0,0,0,0
2022-05-12,802,2,1,0,0,0,1,0,0,2,2,0,0,0,0,0,0,0,0,0,0,0,0,0,0,0,0,0,0,0,0,0,0,0,0,0,0,0,0,0,0,0,0,0
2022-05-13,803,2,1,0,0,0,1,0,0,2,2,0,0,0,0,0,0,0,0,0,0,0,0,0,0,0,0,0,0,0,0,0,0,0,0,0,0,0,0,0,0,0,0,0
2022-05-14,804,2,1,0,0,0,1,0,0,2,2,0,0,0,0,0,0,0,0,0,0,0,0,0,0,0,0,0,0,0,0,0,0,0,0,0,0,0,0,0,0,0,0,0
2022-05-15,805,2,1,0,0,0,1,0,0,2,2,0,0,0,0,0,0,0,0,0,0,0,0,0,0,0,0,0,0,0,0,0,0,0,0,0,0,0,0,0,0,0,0,0
2022-05-16,806,2,1,0,0,0,1,0,0,2,2,0,0,0,0,0,0,0,0,0,0,0,0,0,0,0,0,0,0,0,0,0,0,0,0,0,0,0,0,0,0,0,0,0
2022-05-17,807,2,1,0,0,0,1,0,0,2,2,0,0,0,0,0,0,0,0,0,0,0,0,0,0,0,0,0,0,0,0,0,0,0,0,0,0,0,0,0,0,0,0,0
2022-05-18,808,2,1,0,0,0,1,0,0,2,2,0,0,0,0,0,0,0,0,0,0,0,0,0,0,0,0,0,0,0,0,0,0,0,0,0,0,0,0,0,0,0,0,0
2022-05-19,809,2,1,0,0,0,1,0,0,2,2,0,0,0,0,0,0,0,0,0,0,0,0,0,0,0,0,0,0,0,0,0,0,0,0,0,0,0,0,0,0,0,0,0
2022-05-20,810,2,1,0,0,0,1,0,0,2,2,0,0,0,0,0,0,0,0,0,0,0,0,0,0,0,0,0,0,0,0,0,0,0,0,0,0,0,0,0,0,0,0,0
2022-05-21,811,2,1,0,0,0,1,0,0,2,2,0,0,0,0,0,0,0,0,0,0,0,0,0,0,0,0,0,0,0,0,0,0,0,0,0,0,0,0,0,0,0,0,0
2022-05-22,812,2,1,0,0,0,1,0,0,2,2,0,0,0,0,0,0,0,0,0,0,0,0,0,0,0,0,0,0,0,0,0,0,0,0,0,0,0,0,0,0,0,0,0
2022-05-23,813,2,1,0,0,0,1,0,0,2,2,0,0,0,0,0,0,0,0,0,0,0,0,0,0,0,0,0,0,0,0,0,0,0,0,0,0,0,0,0,0,0,0,0
2022-05-24,814,2,1,0,0,0,1,0,0,2,2,0,0,0,0,0,0,0,0,0,0,0,0,0,0,0,0,0,0,0,0,0,0,0,0,0,0,0,0,0,0,0,0,0
2022-05-25,815,2,1,0,0,0,1,0,0,2,2,0,0,0,0,0,0,0,0,0,0,0,0,0,0,0,0,0,0,0,0,0,0,0,0,0,0,0,0,0,0,0,0,0
2022-05-26,816,2,1,0,0,0,1,0,0,2,2,0,0,0,0,0,0,0,0,0,0,0,0,0,0,0,0,0,0,0,0,0,0,0,0,0,0,0,0,0,0,0,0,0
2022-05-27,817,2,1,0,0,0,1,0,0,2,2,0,0,0,0,0,0,0,0,0,0,0,0,0,0,0,0,0,0,0,0,0,0,0,0,0,0,0,0,0,0,0,0,0
2022-05-28,818,2,1,0,0,0,1,0,0,2,2,0,0,0,0,0,0,0,0,0,0,0,0,0,0,0,0,0,0,0,0,0,0,0,0,0,0,0,0,0,0,0,0,0
2022-05-29,819,2,1,0,0,0,1,0,0,2,2,0,0,0,0,0,0,0,0,0,0,0,0,0,0,0,0,0,0,0,0,0,0,0,0,0,0,0,0,0,0,0,0,0
2022-05-30,820,2,1,0,0,0,1,0,0,2,2,0,0,0,0,0,0,0,0,0,0,0,0,0,0,0,0,0,0,0,0,0,0,0,0,0,0,0,0,0,0,0,0,0
2022-05-31,821,2,1,0,0,0,1,0,0,2,2,0,0,0,0,0,0,0,0,0,0,0,0,0,0,0,0,0,0,0,0,0,0,0,0,0,0,0,0,0,0,0,0,0
2022-06-01,822,2,1,0,0,0,1,0,0,2,2,0,0,0,0,0,0,0,0,0,0,0,0,0,0,0,0,0,0,0,0,0,0,0,0,0,0,0,0,0,0,0,0,0
2022-06-02,823,2,1,0,0,0,1,0,0,2,2,0,0,0,0,0,0,0,0,0,0,0,0,0,0,0,0,0,0,0,0,0,0,0,0,0,0,0,0,0,0,0,0,0
2022-06-03,824,2,1,0,0,0,1,0,0,2,2,0,0,0,0,0,0,0,0,0,0,0,0,0,0,0,0,0,0,0,0,0,0,0,0,0,0,0,0,0,0,0,0,0
2022-06-04,825,2,1,0,0,0,1,0,0,2,2,0,0,0,0,0,0,0,0,0,0,0,0,0,0,0,0,0,0,0,0,0,0,0,0,0,0,0,0,0,0,0,0,0
2022-06-05,826,2,1,0,0,0,1,0,0,2,2,0,0,0,0,0,0,0,0,0,0,0,0,0,0,0,0,0,0,0,0,0,0,0,0,0,0,0,0,0,0,0,0,0
2022-06-06,827,2,1,0,0,0,1,0,0,2,2,0,0,0,0,0,0,0,0,0,0,0,0,0,0,0,0,0,0,0,0,0,0,0,0,0,0,0,0,0,0,0,0,0
2022-06-07,828,2,1,0,0,0,1,0,0,2,2,0,0,0,0,0,0,0,0,0,0,0,0,0,0,0,0,0,0,0,0,0,0,0,0,0,0,0,0,0,0,0,0,0
2022-06-08,829,2,1,0,0,0,1,0,0,2,2,0,0,0,0,0,0,0,0,0,0,0,0,0,0,0,0,0,0,0,0,0,0,0,0,0,0,0,0,0,0,0,0,0
2022-06-09,830,2,1,0,0,0,1,0,0,2,2,0,0,0,0,0,0,0,0,0,0,0,0,0,0,0,0,0,0,0,0,0,0,0,0,0,0,0,0,0,0,0,0,0
2022-06-10,831,2,1,0,0,0,1,0,0,2,2,0,0,0,0,0,0,0,0,0,0,0,0,0,0,0,0,0,0,0,0,0,0,0,0,0,0,0,0,0,0,0,0,0
2022-06-11,832,2,1,0,0,0,1,0,0,2,2,0,0,0,0,0,0,0,0,0,0,0,0,0,0,0,0,0,0,0,0,0,0,0,0,0,0,0,0,0,0,0,0,0
2022-06-12,833,2,1,0,0,0,1,0,0,2,2,0,0,0,0,0,0,0,0,0,0,0,0,0,0,0,0,0,0,0,0,0,0,0,0,0,0,0,0,0,0,0,0,0
2022-06-13,834,2,1,0,0,0,1,0,0,2,2,0,0,0,0,0,0,0,0,0,0,0,0,0,0,0,0,0,0,0,0,0,0,0,0,0,0,0,0,0,0,0,0,0
2022-06-14,835,2,1,0,0,0,1,0,0,2,2,0,0,0,0,0,0,0,0,0,0,0,0,0,0,0,0,0,0,0,0,0,0,0,0,0,0,0,0,0,0,0,0,0
2022-06-15,836,2,1,0,0,0,1,0,0,2,2,0,0,0,0,0,0,0,0,0,0,0,0,0,0,0,0,0,0,0,0,0,0,0,0,0,0,0,0,0,0,0,0,0
2022-06-16,837,2,1,0,0,0,1,0,0,2,2,0,0,0,0,0,0,0,0,0,0,0,0,0,0,0,0,0,0,0,0,0,0,0,0,0,0,0,0,0,0,0,0,0
2022-06-17,838,2,1,0,0,0,1,0,0,2,2,0,0,0,0,0,0,0,0,0,0,0,0,0,0,0,0,0,0,0,0,0,0,0,0,0,0,0,0,0,0,0,0,0
2022-06-18,839,2,1,0,0,0,1,0,0,2,2,0,0,0,0,0,0,0,0,0,0,0,0,0,0,0,0,0,0,0,0,0,0,0,0,0,0,0,0,0,0,0,0,0
2022-06-19,840,2,1,0,0,0,1,0,0,2,2,0,0,0,0,0,0,0,0,0,0,0,0,0,0,0,0,0,0,0,0,0,0,0,0,0,0,0,0,0,0,0,0,0
2022-06-20,841,2,1,0,0,0,1,0,0,2,2,0,0,0,0,0,0,0,0,0,0,0,0,0,0,0,0,0,0,0,0,0,0,0,0,0,0,0,0,0,0,0,0,0
2022-06-21,842,2,1,0,0,0,1,0,0,2,2,0,0,0,0,0,0,0,0,0,0,0,0,0,0,0,0,0,0,0,0,0,0,0,0,0,0,0,0,0,0,0,0,0
2022-06-22,843,2,1,0,0,0,1,0,0,2,2,0,0,0,0,0,0,0,0,0,0,0,0,0,0,0,0,0,0,0,0,0,0,0,0,0,0,0,0,0,0,0,0,0
2022-06-23,844,2,1,0,0,0,1,0,0,2,2,0,0,0,0,0,0,0,0,0,0,0,0,0,0,0,0,0,0,0,0,0,0,0,0,0,0,0,0,0,0,0,0,0
2022-06-24,845,2,1,0,0,0,1,0,0,2,2,0,0,0,0,0,0,0,0,0,0,0,0,0,0,0,0,0,0,0,0,0,0,0,0,0,0,0,0,0,0,0,0,0
2022-06-25,846,2,1,0,0,0,1,0,0,2,2,0,0,0,0,0,0,0,0,0,0,0,0,0,0,0,0,0,0,0,0,0,0,0,0,0,0,0,0,0,0,0,0,0
2022-06-26,847,2,1,0,0,0,1,0,0,2,2,0,0,0,0,0,0,0,0,0,0,0,0,0,0,0,0,0,0,0,0,0,0,0,0,0,0,0,0,0,0,0,0,0
2022-06-27,848,2,1,0,0,0,1,0,0,2,2,0,0,0,0,0,0,0,0,0,0,0,0,0,0,0,0,0,0,0,0,0,0,0,0,0,0,0,0,0,0,0,0,0
2022-06-28,849,2,1,0,0,0,1,0,0,2,2,0,0,0,0,0,0,0,0,0,0,0,0,0,0,0,0,0,0,0,0,0,0,0,0,0,0,0,0,0,0,0,0,0
2022-06-29,850,2,1,0,0,0,2,0,0,2,2,0,0,0,0,0,0,0,0,0,0,0,0,0,0,0,0,0,0,0,0,0,0,0,0,0,0,0,0,0,0,0,0,0
2022-06-30,851,2,1,0,0,0,2,0,0,2,2,0,0,0,0,0,0,0,0,0,0,0,0,0,0,0,0,0,0,0,0,0,0,0,0,0,0,0,0,0,0,0,0,0
2022-07-01,852,2,1,0,0,0,2,0,0,2,2,0,0,0,0,0,0,0,0,0,0,0,0,0,0,0,0,0,0,0,0,0,0,0,0,0,0,0,0,0,0,0,0,0
2022-07-02,853,2,1,0,0,0,2,0,0,2,2,0,0,0,0,0,0,0,0,0,0,0,0,0,0,0,0,0,0,0,0,0,0,0,0,0,0,0,0,0,0,0,0,0
2022-07-03,854,2,1,0,0,0,2,0,0,2,2,0,0,0,0,0,0,0,0,0,0,0,0,0,0,0,0,0,0,0,0,0,0,0,0,0,0,0,0,0,0,0,0,0
2022-07-04,855,2,1,0,0,0,2,0,0,2,2,0,0,0,0,0,0,0,0,0,0,0,0,0,0,0,0,0,0,0,0,0,0,0,0,0,0,0,0,0,0,0,0,0
2022-07-05,856,2,1,0,0,0,2,0,0,2,2,0,0,0,0,0,0,0,0,0,0,0,0,0,0,0,0,0,0,0,0,0,0,0,0,0,0,0,0,0,0,0,0,0
2022-07-06,857,2,1,0,0,0,2,0,0,2,2,0,0,0,0,0,0,0,0,0,0,0,0,0,0,0,0,0,0,0,0,0,0,0,0,0,0,0,0,0,0,0,0,0
2022-07-07,858,2,1,0,0,0,2,0,0,2,2,0,0,0,0,0,0,0,0,0,0,0,0,0,0,0,0,0,0,0,0,0,0,0,0,0,0,0,0,0,0,0,0,0
2022-07-08,859,2,1,0,0,0,2,0,0,2,2,0,0,0,0,0,0,0,0,0,0,0,0,0,0,0,0,0,0,0,0,0,0,0,0,0,0,0,0,0,0,0,0,0
2022-07-09,860,2,1,0,0,0,2,0,0,2,2,0,0,0,0,0,0,0,0,0,0,0,0,0,0,0,0,0,0,0,0,0,0,0,0,0,0,0,0,0,0,0,0,0
2022-07-10,861,2,1,0,0,0,2,0,0,2,2,0,0,0,0,0,0,0,0,0,0,0,0,0,0,0,0,0,0,0,0,0,0,0,0,0,0,0,0,0,0,0,0,0
2022-07-11,862,2,1,0,0,0,2,0,0,2,2,0,0,0,0,0,0,0,0,0,0,0,0,0,0,0,0,0,0,0,0,0,0,0,0,0,0,0,0,0,0,0,0,0
2022-07-12,863,2,1,0,0,0,2,0,0,2,2,0,0,0,0,0,0,0,0,0,0,0,0,0,0,0,0,0,0,0,0,0,0,0,0,0,0,0,0,0,0,0,0,0
2022-07-13,864,2,1,0,0,0,2,0,0,2,2,0,0,0,0,0,0,0,0,0,0,0,0,0,0,0,0,0,0,0,0,0,0,0,0,0,0,0,0,0,0,0,0,0
2022-07-14,865,2,1,0,0,0,2,0,0,2,2,0,0,0,0,0,0,0,0,0,0,0,0,0,0,0,0,0,0,0,0,0,0,0,0,0,0,0,0,0,0,0,0,0
2022-07-15,866,2,1,0,0,0,2,0,0,2,2,0,0,0,0,0,0,0,0,0,0,0,0,0,0,0,0,0,0,0,0,0,0,0,0,0,0,0,0,0,0,0,0,0
2022-07-16,867,2,1,0,0,0,2,0,0,2,2,0,0,0,0,0,0,0,0,0,0,0,0,0,0,0,0,0,0,0,0,0,0,0,0,0,0,0,0,0,0,0,0,0
2022-07-17,868,2,1,0,0,0,2,0,0,2,2,0,0,0,0,0,0,0,0,0,0,0,0,0,0,0,0,0,0,0,0,0,0,0,0,0,0,0,0,0,0,0,0,0
2022-07-18,869,2,1,0,0,0,2,0,0,2,2,0,0,0,0,0,0,0,0,0,0,0,0,0,0,0,0,0,0,0,0,0,0,0,0,0,0,0,0,0,0,0,0,0
2022-07-19,870,2,1,0,0,0,2,0,0,2,2,0,0,0,0,0,0,0,0,0,0,0,0,0,0,0,0,0,0,0,0,0,0,0,0,0,0,0,0,0,0,0,0,0
2022-07-20,871,2,1,0,0,0,2,0,0,2,2,0,0,0,0,0,0,0,0,0,0,0,0,0,0,0,0,0,0,0,0,0,0,0,0,0,0,0,0,0,0,0,0,0
2022-07-21,872,2,1,0,0,0,2,0,0,2,2,0,0,0,0,0,0,0,0,0,0,0,0,0,0,0,0,0,0,0,0,0,0,0,0,0,0,0,0,0,0,0,0,0
2022-07-22,873,2,1,0,0,0,2,0,0,2,2,0,0,0,0,0,0,0,0,0,0,0,0,0,0,0,0,0,0,0,0,0,0,0,0,0,0,0,0,0,0,0,0,0
2022-07-23,874,2,1,0,0,0,2,0,0,2,2,0,0,0,0,0,0,0,0,0,0,0,0,0,0,0,0,0,0,0,0,0,0,0,0,0,0,0,0,0,0,0,0,0
2022-07-24,875,2,1,0,0,0,2,0,0,2,2,0,0,0,0,0,0,0,0,0,0,0,0,0,0,0,0,0,0,0,0,0,0,0,0,0,0,0,0,0,0,0,0,0
2022-07-25,876,2,1,0,0,0,2,0,0,2,2,0,0,0,0,0,0,0,0,0,0,0,0,0,0,0,0,0,0,0,0,0,0,0,0,0,0,0,0,0,0,0,0,0
2022-07-26,877,2,1,0,0,0,2,0,0,2,2,0,0,0,0,0,0,0,0,0,0,0,0,0,0,0,0,0,0,0,0,0,0,0,0,0,0,0,0,0,0,0,0,0
2022-07-27,878,2,1,0,0,0,2,0,0,2,2,0,0,0,0,0,0,0,0,0,0,0,0,0,0,0,0,0,0,0,0,0,0,0,0,0,0,0,0,0,0,0,0,0
2022-07-28,879,2,1,0,0,0,2,0,0,2,2,0,0,0,0,0,0,0,0,0,0,0,0,0,0,0,0,0,0,0,0,0,0,0,0,0,0,0,0,0,0,0,0,0
2022-07-29,880,2,1,0,0,0,2,0,0,2,2,0,0,0,0,0,0,0,0,0,0,0,0,0,0,0,0,0,0,0,0,0,0,0,0,0,0,0,0,0,0,0,0,0
2022-07-30,881,2,1,0,0,0,2,0,0,2,2,0,0,0,0,0,0,0,0,0,0,0,0,0,0,0,0,0,0,0,0,0,0,0,0,0,0,0,0,0,0,0,0,0
2022-07-31,882,2,1,0,0,2,2,0,0,2,2,0,0,0,0,0,0,0,0,0,0,0,0,0,0,0,0,0,0,0,0,0,0,0,0,0,0,0,0,0,0,0,0,0
2022-08-01,883,2,0,0,0,2,0,0,0,0,0,0,0,0,0,0,0,0,0,0,0,0,0,0,0,0,0,0,0,0,0,0,0,0,0,0,0,0,0,0,0,0,0,0
2022-08-02,884,2,0,0,0,2,0,0,0,0,0,0,0,0,0,0,0,0,0,0,0,0,0,0,0,0,0,0,0,0,0,0,0,0,0,0,0,0,0,0,0,0,0,0
2022-08-03,885,2,0,0,0,2,0,0,0,0,0,0,0,0,0,0,0,0,0,0,0,0,0,0,0,0,0,0,0,0,0,0,0,0,0,0,0,0,0,0,0,0,0,0
2022-08-04,886,2,0,0,0,2,0,0,0,0,0,0,0,0,0,0,0,0,0,0,0,0,0,0,0,0,0,0,0,0,0,0,0,0,0,0,0,0,0,0,0,0,0,0
2022-08-05,887,2,0,0,0,2,0,0,0,0,0,0,0,0,0,0,0,0,0,0,0,0,0,0,0,0,0,0,0,0,0,0,0,0,0,0,0,0,0,0,0,0,0,0
2022-08-06,888,2,0,0,0,2,0,0,0,0,0,0,0,0,0,0,0,0,0,0,0,0,0,0,0,0,0,0,0,0,0,0,0,0,0,0,0,0,0,0,0,0,0,0
2022-08-07,889,2,0,0,0,2,0,0,0,0,0,0,0,0,0,0,0,0,0,0,0,0,0,0,0,0,0,0,0,0,0,0,0,0,0,0,0,0,0,0,0,0,0,0
2022-08-08,890,2,0,0,0,2,0,0,0,0,0,0,0,0,0,0,0,0,0,0,0,0,0,0,0,0,0,0,0,0,0,0,0,0,0,0,0,0,0,0,0,0,0,0
2022-08-09,891,2,0,0,0,2,0,0,0,0,0,0,0,0,0,0,0,0,0,0,0,0,0,0,0,0,0,0,0,0,0,0,0,0,0,0,0,0,0,0,0,0,0,0
2022-08-10,892,2,0,0,0,2,0,0,0,0,0,0,0,0,0,0,0,0,0,0,0,0,0,0,2,0,0,0,0,0,0,0,0,0,0,0,0,0,0,0,0,0,0,0
2022-08-11,893,2,0,0,0,2,0,0,0,0,0,0,0,0,0,0,0,0,0,0,0,0,0,0,2,0,0,0,0,0,0,0,0,0,0,0,0,0,0,0,0,0,0,0
2022-08-12,894,2,0,0,0,2,0,0,0,0,0,0,0,0,0,0,0,0,0,0,0,0,0,0,2,0,0,0,0,0,0,0,0,0,0,0,0,0,0,0,0,0,0,0
2022-08-13,895,2,0,0,0,2,0,0,0,0,0,0,0,0,0,0,0,0,0,0,0,0,0,0,2,0,0,0,0,0,0,0,0,0,0,0,0,0,0,0,0,0,0,0
2022-08-14,896,2,0,0,0,2,0,0,0,0,0,0,0,0,0,0,0,0,0,0,0,0,0,0,2,0,0,0,0,0,0,0,0,0,0,0,0,0,0,0,0,0,0,0
2022-08-15,897,2,0,0,0,2,0,0,0,0,0,0,0,0,0,0,0,0,0,0,0,0,0,0,2,0,0,0,0,0,0,0,0,0,0,0,0,0,0,0,0,0,0,0
2022-08-16,898,2,0,0,0,2,0,0,0,0,0,0,0,0,0,0,0,0,0,0,0,0,0,0,2,0,0,0,0,0,0,0,0,0,0,0,0,0,0,0,0,0,0,0
2022-08-17,899,2,0,0,0,2,0,0,0,0,0,0,0,0,0,0,0,0,0,0,0,0,0,0,2,0,0,0,0,0,0,0,0,0,0,0,0,0,0,0,0,0,0,0
2022-08-18,900,2,0,0,0,2,0,0,0,0,0,0,0,0,0,0,0,0,0,0,0,0,0,0,2,0,0,0,0,0,0,0,0,0,0,0,0,0,0,0,0,0,0,0
2022-08-19,901,2,0,0,0,2,0,0,0,0,0,0,0,0,0,0,0,0,0,0,0,0,0,0,2,0,0,0,0,0,0,0,0,0,0,0,0,0,0,0,0,0,0,0
2022-08-20,902,2,0,0,0,2,0,0,0,0,0,0,0,0,0,0,0,0,0,0,0,0,0,0,2,0,0,0,0,0,0,0,0,0,0,0,0,0,0,0,0,0,0,0
2022-08-21,903,2,0,0,0,2,0,0,0,0,0,0,0,0,0,0,0,0,0,0,0,0,0,0,2,0,0,0,0,0,0,0,2,2,0,0,0,0,0,0,0,0,0,0
2022-08-22,904,2,0,0,0,2,0,0,0,0,0,0,0,0,0,0,0,0,0,0,0,2,0,0,2,0,0,0,0,0,0,0,2,2,0,0,0,0,0,0,0,0,0,0
2022-08-23,905,2,0,0,0,2,0,0,0,0,0,0,0,0,0,0,0,0,0,0,0,2,0,0,2,0,0,0,0,0,0,0,0,0,0,0,0,0,0,0,0,0,0,0
2022-08-24,906,2,0,0,0,2,0,0,0,0,0,0,0,0,0,0,0,0,0,0,0,2,0,0,2,0,0,0,0,0,0,0,0,0,0,0,0,0,0,0,0,0,0,0
2022-08-25,907,2,0,0,0,2,0,0,0,0,2,0,0,0,0,0,0,0,0,0,0,2,0,0,2,0,0,0,0,0,0,0,2,0,0,0,0,0,0,0,0,0,0,0
2022-08-26,908,2,0,0,0,2,0,0,0,0,2,0,0,0,0,0,0,0,0,0,0,2,0,0,2,0,0,0,0,0,0,0,2,0,0,0,0,0,0,0,0,0,0,0
2022-08-27,909,2,0,0,0,2,0,0,0,0,2,0,0,0,0,0,0,0,0,0,0,2,0,0,2,0,0,0,0,0,0,0,0,0,0,0,0,0,0,0,0,0,0,0
2022-08-28,910,2,0,0,0,2,0,0,0,0,2,0,0,0,0,0,0,0,0,0,0,2,0,0,2,0,0,0,0,0,0,0,0,0,0,0,0,0,0,0,0,0,0,0
2022-08-29,911,2,0,0,0,2,0,0,0,0,2,0,0,0,0,0,0,0,0,0,0,2,0,0,2,0,0,0,0,0,0,0,0,0,2,0,0,0,0,0,2,0,0,0
2022-08-30,912,2,0,0,0,2,0,0,0,0,2,0,0,0,0,0,0,0,0,0,0,2,0,0,2,0,0,0,0,0,0,0,0,0,2,0,0,0,0,0,2,0,0,0
2022-08-31,913,2,0,0,0,2,0,0,0,0,2,0,0,0,0,0,0,0,0,0,0,2,0,0,2,0,0,0,0,0,0,0,0,0,0,0,0,0,0,0,2,0,0,0
2022-09-01,914,2,0,0,0,2,0,0,0,0,2,0,0,0,0,0,0,0,0,0,0,2,0,0,2,0,0,0,0,0,0,0,0,0,0,0,0,0,0,0,2,0,0,0
2022-09-02,915,2,0,0,0,2,0,0,0,0,2,0,0,0,0,0,0,0,0,0,0,2,0,0,2,0,0,0,0,0,0,0,0,0,0,0,0,0,0,0,2,0,0,0
2022-09-03,916,2,0,0,0,2,0,0,0,0,2,0,0,0,0,0,0,0,0,0,0,2,0,0,2,0,0,0,0,0,0,0,0,0,0,0,0,0,0,0,2,0,0,0
2022-09-04,917,2,0,0,0,2,0,0,0,0,2,0,0,0,0,0,0,0,0,0,0,2,0,0,2,0,0,0,0,0,0,0,0,0,0,0,0,0,0,0,2,0,0,0
2022-09-05,918,2,0,0,0,2,0,0,0,0,2,0,0,0,0,0,0,0,0,0,0,2,0,0,2,0,0,0,0,0,0,0,0,0,0,0,0,0,0,0,2,0,0,0
2022-09-06,919,2,0,0,0,2,0,0,0,0,2,0,0,0,0,0,0,0,0,0,0,2,0,0,2,0,0,0,0,0,0,0,0,0,0,0,0,0,0,0,2,0,0,0
2022-09-07,920,2,0,0,0,2,0,0,0,0,2,0,0,0,0,0,0,0,0,0,0,2,0,0,2,0,0,0,0,0,0,0,0,0,0,0,0,0,0,0,2,0,0,0
2022-09-08,921,2,0,0,0,2,0,0,0,0,2,0,0,0,0,0,0,0,0,0,0,2,0,0,2,0,0,0,0,0,0,0,0,0,0,0,0,0,0,0,2,0,0,0
2022-09-09,922,2,0,0,0,2,0,0,0,0,2,0,0,0,0,0,0,0,0,0,0,2,0,0,2,0,0,0,0,0,0,0,0,0,0,0,0,0,0,0,2,0,0,0
2022-09-10,923,2,0,0,0,2,0,0,0,0,2,0,0,0,0,0,0,0,0,0,0,2,0,0,2,0,0,0,0,0,0,0,0,0,0,0,0,0,0,0,2,0,0,0
2022-09-11,924,2,0,0,0,2,0,0,0,0,2,0,0,0,0,0,0,0,0,0,0,2,0,0,2,0,0,0,0,0,0,0,0,0,0,0,0,0,0,0,2,0,0,0
2022-09-12,925,2,0,0,0,2,0,0,0,0,2,0,0,0,0,0,0,0,0,0,0,2,0,0,2,0,0,0,0,0,0,0,0,0,0,0,0,0,0,0,2,0,0,0
2022-09-13,926,2,0,0,0,2,0,0,0,0,2,0,0,0,0,0,0,0,0,0,0,2,0,0,2,0,0,0,0,0,0,0,0,0,0,0,0,0,0,0,2,0,0,0
2022-09-14,927,2,0,0,0,2,0,0,0,0,2,0,0,0,0,0,0,0,0,0,0,2,0,0,2,0,0,0,0,0,0,0,0,0,0,0,0,0,0,0,2,0,0,0
2022-09-15,928,2,0,0,0,2,0,0,0,0,2,0,0,0,0,0,0,0,0,0,0,2,0,0,2,0,0,0,0,0,0,0,0,0,0,0,0,0,0,0,2,0,0,0
2022-09-16,929,2,0,0,0,2,0,0,0,0,2,0,0,0,0,0,0,0,0,0,0,2,0,0,2,0,0,0,0,0,0,0,0,0,0,0,0,0,0,0,2,0,0,0
2022-09-17,930,2,0,0,0,2,0,0,0,0,2,0,0,0,0,0,0,0,0,0,0,2,0,0,2,0,0,0,0,0,0,0,0,0,2,0,0,0,0,0,2,0,0,0
2022-09-18,931,2,0,0,0,2,0,0,0,0,2,0,0,0,0,0,0,0,0,0,0,2,0,0,2,0,0,0,0,0,0,0,0,0,2,0,0,0,0,0,2,0,0,0
2022-09-19,932,2,0,0,0,2,0,0,0,0,2,0,0,0,0,0,0,0,0,0,0,2,0,0,2,0,0,0,0,0,0,0,0,0,0,0,0,0,0,0,2,0,0,0
2022-09-20,933,2,0,0,0,2,0,0,0,0,2,0,0,0,0,0,0,0,0,0,0,2,0,0,2,0,0,0,0,0,0,0,0,0,0,0,0,0,0,0,2,0,0,0
2022-09-21,934,2,0,0,0,2,0,0,0,0,2,0,0,0,0,0,0,0,0,0,0,2,0,0,2,0,0,0,0,0,0,0,2,0,0,0,0,0,0,0,2,0,0,0
2022-09-22,935,2,0,0,0,2,0,0,0,0,2,0,0,0,0,0,0,0,0,0,0,2,0,0,2,0,0,0,0,0,0,0,2,0,0,0,0,0,0,0,2,0,0,0
2022-09-23,936,2,0,0,0,2,0,0,0,0,2,0,0,0,0,0,0,0,0,0,0,2,0,0,2,0,0,0,0,0,0,0,0,0,0,0,0,0,0,0,2,0,0,0
2022-09-24,937,2,0,0,0,2,0,0,0,0,2,0,0,0,0,0,0,0,0,0,0,2,0,0,2,0,0,0,0,0,0,0,0,0,0,0,0,0,0,0,2,0,0,0
2022-09-25,938,2,0,0,0,2,0,0,0,0,2,0,0,0,0,0,0,0,0,0,0,2,0,0,2,0,0,0,0,0,0,0,0,0,0,0,0,0,0,0,2,0,0,0
2022-09-26,939,2,0,0,0,2,0,0,0,0,2,0,0,0,0,0,0,0,0,0,0,2,0,0,2,0,0,0,0,0,0,0,0,0,0,0,0,0,0,0,2,0,0,0
2022-09-27,940,2,0,0,0,2,0,0,0,0,2,0,0,0,0,0,0,0,0,0,0,2,0,0,2,0,0,0,0,0,0,0,0,0,0,0,0,0,0,0,2,0,0,0
2022-09-28,941,2,0,0,0,2,0,0,0,0,2,0,0,0,0,0,0,0,0,0,0,2,0,0,2,0,0,0,0,0,0,0,0,0,0,0,0,0,0,0,2,0,0,0
2022-09-29,942,2,0,0,0,2,0,0,0,0,2,0,0,0,0,0,0,0,0,0,0,2,0,0,2,0,0,0,0,0,0,2,0,0,0,0,0,0,0,0,2,0,0,0
