date,day as a number,Physical distancing-Closure of educational institutions-Daycare nursery,International travel-Travel advice-Not applicable,International travel-Total border closure-Not applicable,Case management and quarantine-Contact tracing-Mobile technology,Physical distancing-Measures for special populations-Stay at home risk groups,Physical distancing-Closure of public spaces-Restaurants cafes,Physical distancing-Closure of public spaces-Entertainment venues,Physical distancing-Closure of public spaces-Gyms sports centres,Physical distancing-Workplace measures-Teleworking,Case management and quarantine-Contact tracing-Other,Case management and quarantine-Quarantine-For contacts,General-Exemptions to NPIs-Vaccination proof,Hygiene and safety measure-Other-Not applicable,Physical distancing-Measures for special populations-Visiting restrictions,Physical distancing-Closure of educational institutions-Higher Education,International travel-Quarantine for international travellers-Not applicable,Physical distancing-Public gathering restriction-Ban on all events,International travel-Border screening-PCR/rapid antigen testing,Physical distancing-Private gathering restriction-Gathering,Physical distancing-Closure of educational institutions-Secondary School,Physical distancing-Closure of educational institutions-Primary School,Hygiene and safety measure-Protective mask use community-Closed public spaces,Hygiene and safety measure-Protective mask use community-All public spaces,Case management and quarantine-Isolation of case-Not applicable,Physical distancing-Public gathering restriction-Indoor over 500,General-Communication to the public-Not applicable,General-Communication to healthcare services-Not applicable,Physical distancing-Public gathering restriction-Indoor over 100,Physical distancing-Public gathering restriction-Outdoor over 500,Physical distancing-Closure of public spaces-Place of worship,Physical distancing-Closure of public spaces-Non essential shops,Internal travel-Travel restrictions-Cordon sanitaire
2020-03-01,0,0,0,0,0,0,0,0,0,0,0,0,0,0,0,0,0,0,0,0,0,0,0,0,0,0,0,0,0,0,0,0,0
2020-03-02,1,0,0,0,0,0,0,0,0,0,0,0,0,0,0,0,0,0,0,0,0,0,0,0,0,0,0,0,0,0,0,0,0
2020-03-03,2,0,0,0,0,0,0,0,0,0,0,0,0,0,0,0,0,0,0,0,0,0,0,0,0,0,0,0,0,0,0,0,0
2020-03-04,3,0,0,0,0,0,0,0,0,0,0,0,0,0,0,0,0,0,0,0,0,0,0,0,0,0,0,0,0,0,0,0,0
2020-03-05,4,0,0,0,0,0,0,0,0,0,0,0,0,0,0,0,0,0,0,0,0,0,0,0,0,0,0,0,0,0,0,0,0
2020-03-06,5,0,0,0,0,0,0,0,0,0,0,0,0,0,0,0,0,0,0,0,0,0,0,0,0,0,0,0,0,0,0,0,0
2020-03-07,6,0,0,0,0,0,0,0,0,0,0,0,0,0,0,0,0,0,0,0,0,0,0,0,0,0,0,0,0,0,0,0,0
2020-03-08,7,0,0,0,0,0,0,0,0,0,0,0,0,0,0,0,0,0,0,0,0,0,0,0,0,0,0,0,0,0,0,0,0
2020-03-09,8,0,0,0,0,0,0,0,0,0,0,0,0,0,0,0,0,0,0,0,0,0,0,0,0,0,0,0,0,0,0,0,0
2020-03-10,9,0,0,0,0,0,0,0,0,0,0,0,0,0,0,0,0,0,0,0,0,0,0,0,0,0,0,0,0,0,0,0,0
2020-03-11,10,0,0,1,0,0,0,0,0,0,0,0,0,0,0,0,0,0,0,0,0,0,0,0,0,0,0,0,0,0,0,0,0
2020-03-12,11,0,0,1,0,0,0,0,0,0,0,0,0,0,0,0,0,0,0,0,0,0,0,0,0,0,0,0,0,0,0,0,0
2020-03-13,12,2,2,1,0,0,0,0,0,0,0,0,0,0,0,2,2,2,0,0,2,2,0,0,0,0,0,0,0,0,0,0,0
2020-03-14,13,2,2,1,0,0,0,0,0,0,0,0,0,0,0,2,2,2,0,0,2,2,0,0,0,0,0,0,0,0,0,0,0
2020-03-15,14,2,2,1,0,0,0,0,0,0,0,0,0,0,0,2,2,2,0,0,2,2,0,0,0,0,0,0,0,0,0,0,0
2020-03-16,15,2,2,1,0,0,0,0,0,0,0,0,0,0,0,2,2,2,0,0,2,2,0,0,0,0,0,0,0,0,0,0,0
2020-03-17,16,2,2,2,0,0,0,0,0,0,0,2,0,0,0,2,2,2,0,0,2,2,0,0,0,0,0,0,0,0,0,0,0
2020-03-18,17,2,2,2,0,0,2,2,2,0,0,2,0,0,0,2,2,2,0,0,2,2,0,0,0,0,0,0,0,0,0,0,0
2020-03-19,18,2,2,2,0,0,2,2,2,0,0,2,0,0,0,2,2,2,0,0,2,2,0,0,0,0,0,0,0,0,0,0,0
2020-03-20,19,2,2,2,0,0,2,2,2,0,0,2,0,0,0,2,2,2,0,0,2,2,0,0,0,0,0,0,0,0,0,0,0
2020-03-21,20,2,2,2,0,0,2,2,2,0,0,2,0,0,0,2,2,2,0,0,2,2,0,0,0,0,0,0,0,0,0,0,0
2020-03-22,21,2,2,2,0,0,2,2,2,0,0,2,0,0,0,2,2,2,0,0,2,2,0,0,0,0,0,0,0,0,0,0,0
2020-03-23,22,2,2,2,0,0,2,2,2,0,0,2,0,0,0,2,2,2,0,0,2,2,0,0,2,0,0,0,0,0,0,2,0
2020-03-24,23,2,2,2,0,0,2,2,2,0,0,2,0,0,0,2,2,2,0,0,2,2,0,0,2,0,0,0,0,0,0,2,0
2020-03-25,24,2,2,2,0,0,2,2,2,0,0,2,0,0,0,2,2,2,0,0,2,2,0,0,2,0,0,0,0,0,0,2,0
2020-03-26,25,2,2,2,0,0,2,2,2,0,0,2,0,0,0,2,2,2,0,0,2,2,0,0,2,0,0,0,0,0,0,2,0
2020-03-27,26,2,2,2,0,0,2,2,2,0,0,2,0,0,0,2,2,2,0,0,2,2,0,0,2,0,0,0,0,0,0,2,0
2020-03-28,27,2,2,2,0,2,2,2,2,0,0,2,0,0,0,2,2,2,0,0,2,2,0,0,2,0,0,0,0,0,0,2,0
2020-03-29,28,2,2,2,0,2,2,2,2,0,0,2,0,0,0,2,2,2,0,0,2,2,0,0,2,0,0,0,0,0,0,2,0
2020-03-30,29,2,2,2,0,2,2,2,2,0,0,2,0,0,0,2,2,2,0,0,2,2,0,0,2,0,0,0,0,0,0,2,0
2020-03-31,30,2,2,2,0,2,2,2,2,0,0,2,0,0,0,2,2,2,0,0,2,2,0,0,2,0,0,0,0,0,0,2,0
2020-04-01,31,2,2,2,0,2,2,2,2,0,0,2,0,0,0,2,2,2,0,0,2,2,0,0,2,0,0,0,0,0,0,2,0
2020-04-02,32,2,2,2,0,2,2,2,2,0,0,2,0,0,0,2,2,2,0,0,2,2,0,0,2,0,0,0,0,0,0,2,0
2020-04-03,33,2,2,2,0,2,2,2,2,0,0,2,0,0,0,2,2,2,0,0,2,2,0,0,2,0,0,0,0,0,0,2,0
2020-04-04,34,2,2,2,0,2,2,2,2,0,0,2,0,0,0,2,2,2,0,0,2,2,0,0,2,0,0,0,0,0,0,2,0
2020-04-05,35,2,2,2,0,2,2,2,2,0,0,2,0,0,0,2,2,2,0,0,2,2,0,0,2,0,0,0,0,0,0,2,2
2020-04-06,36,2,2,2,0,2,2,2,2,0,0,2,0,0,0,2,2,2,0,0,2,2,0,0,2,0,0,0,0,0,0,2,2
2020-04-07,37,2,2,2,0,2,2,2,2,0,0,2,0,0,2,2,2,2,0,0,2,2,0,0,2,0,0,0,0,0,0,2,2
2020-04-08,38,2,2,2,0,2,2,2,2,0,0,2,0,0,2,2,2,2,0,0,2,2,0,0,2,0,0,0,0,0,0,2,2
2020-04-09,39,2,2,2,0,2,2,2,2,0,0,2,0,0,2,2,2,2,0,0,2,2,0,0,2,0,0,0,0,0,0,2,2
2020-04-10,40,2,2,2,0,2,2,2,2,0,0,2,0,0,2,2,2,2,0,0,2,2,0,0,2,0,0,0,0,0,0,2,2
2020-04-11,41,2,2,2,0,2,2,2,2,0,0,2,0,0,2,2,2,2,0,0,2,2,0,0,2,0,0,0,0,0,0,2,2
2020-04-12,42,2,2,2,0,2,2,2,2,0,0,2,0,0,2,2,2,2,0,0,2,2,0,0,2,0,0,0,0,0,0,2,2
2020-04-13,43,2,2,2,0,2,2,2,2,0,0,2,0,0,2,2,2,2,0,0,2,2,0,0,2,0,0,0,0,0,0,2,2
2020-04-14,44,2,2,2,0,2,2,2,2,0,0,2,0,0,2,2,2,2,0,0,2,2,0,0,2,0,0,0,0,0,0,2,2
2020-04-15,45,2,2,2,0,2,2,2,2,0,0,2,0,0,2,2,2,2,0,0,2,2,0,0,2,0,0,0,0,0,0,2,2
2020-04-16,46,2,2,2,0,2,2,2,2,0,0,2,0,0,2,2,2,2,0,0,2,2,0,0,2,0,0,0,0,0,0,2,2
2020-04-17,47,2,2,2,0,2,2,2,2,0,0,2,0,0,2,2,2,2,0,0,2,2,0,0,2,0,0,0,0,0,0,2,2
2020-04-18,48,2,2,2,0,2,2,2,2,0,0,2,0,0,2,2,2,2,0,0,2,2,0,0,2,0,0,0,0,0,0,2,2
2020-04-19,49,2,2,2,0,2,2,2,2,0,0,2,0,0,2,2,2,2,0,0,2,2,0,0,2,0,0,0,0,0,0,2,2
2020-04-20,50,2,2,2,0,2,2,2,2,0,0,2,0,0,2,2,2,2,0,0,2,2,0,0,2,0,0,0,0,0,0,2,2
2020-04-21,51,2,2,2,0,2,2,2,2,0,0,2,0,0,2,2,2,2,0,0,2,2,0,0,2,0,0,0,0,0,0,2,2
2020-04-22,52,2,2,2,0,2,2,2,2,0,0,2,0,0,2,2,2,2,0,0,2,2,0,0,2,0,0,0,0,0,0,2,2
2020-04-23,53,2,2,2,0,2,2,2,2,0,0,2,0,0,2,2,2,2,0,0,2,2,0,0,2,0,0,0,0,0,0,2,2
2020-04-24,54,2,2,2,0,2,2,2,2,0,0,2,0,0,2,2,2,2,0,0,2,2,0,0,2,0,0,0,0,0,0,2,2
2020-04-25,55,2,2,2,0,2,2,2,2,0,0,2,0,0,2,2,2,2,0,0,2,2,0,0,2,0,0,0,0,0,0,2,2
2020-04-26,56,2,2,2,0,2,2,2,2,0,0,2,0,0,2,2,2,2,0,0,2,2,0,0,2,0,0,0,0,0,0,2,2
2020-04-27,57,2,2,2,0,2,2,2,2,0,0,2,0,0,2,2,2,2,0,0,2,2,0,0,2,0,0,0,0,0,0,2,2
2020-04-28,58,2,2,2,0,2,2,2,2,0,0,2,0,0,2,2,2,2,0,0,2,2,0,0,2,0,0,0,0,0,0,2,2
2020-04-29,59,2,2,2,0,2,2,2,2,0,0,2,0,0,2,2,2,2,0,0,2,2,0,0,2,0,0,0,0,0,0,2,2
2020-04-30,60,2,2,2,0,2,2,2,2,0,0,2,0,0,2,2,2,2,0,0,2,2,0,0,2,0,0,0,0,0,0,2,2
2020-05-01,61,2,2,2,0,2,2,2,2,0,0,2,0,0,2,2,2,2,0,0,2,2,0,0,2,0,0,0,0,0,0,2,2
2020-05-02,62,2,2,2,0,2,2,2,2,0,0,2,0,0,2,2,2,2,0,0,2,2,0,0,2,0,0,0,0,0,0,2,2
2020-05-03,63,2,2,2,0,2,2,2,2,0,0,2,0,0,2,2,2,2,0,0,2,2,0,0,2,0,0,0,0,0,0,2,2
2020-05-04,64,2,2,2,0,2,2,2,2,0,0,2,0,0,2,2,2,2,0,0,2,2,0,0,2,0,0,0,0,0,0,2,0
2020-05-05,65,2,2,2,0,2,2,2,2,0,0,2,0,0,2,2,2,2,0,0,2,2,0,0,2,0,0,0,0,0,0,2,0
2020-05-06,66,2,2,2,0,2,2,2,2,0,0,2,0,0,2,2,2,2,0,0,2,2,0,0,2,0,0,0,0,0,0,2,0
2020-05-07,67,2,2,2,0,2,2,2,2,0,0,2,0,0,2,2,2,2,0,0,2,2,0,0,2,0,0,0,0,0,0,2,0
2020-05-08,68,2,2,2,0,2,2,2,2,2,0,2,0,0,2,2,2,2,0,0,2,2,0,0,2,0,0,0,0,0,0,2,0
2020-05-09,69,2,2,2,0,2,2,2,2,2,0,2,0,0,2,2,2,2,0,0,2,2,0,0,2,0,0,0,0,0,0,2,0
2020-05-10,70,2,2,2,0,2,2,2,2,2,0,2,0,0,2,2,2,2,0,0,2,2,0,0,2,0,0,0,0,0,0,2,0
2020-05-11,71,2,2,2,0,2,2,2,2,2,0,2,0,0,2,2,2,2,0,0,2,2,0,0,2,0,0,0,0,0,0,2,0
2020-05-12,72,2,2,2,0,2,2,2,2,2,0,2,0,0,2,2,2,2,0,0,2,2,0,0,2,0,0,0,0,0,0,2,0
2020-05-13,73,2,2,2,0,2,2,2,2,2,0,2,0,0,2,2,2,2,0,0,2,2,0,0,2,0,0,0,0,0,0,2,0
2020-05-14,74,2,2,2,0,2,2,2,2,2,0,2,0,0,2,2,2,2,0,0,2,2,0,0,2,0,0,0,0,0,0,2,0
2020-05-15,75,2,2,2,0,2,2,2,2,2,0,2,0,0,2,2,2,2,0,0,2,2,0,0,2,0,0,0,0,0,0,2,0
2020-05-16,76,2,2,2,0,2,2,2,2,2,0,2,0,0,2,2,2,2,0,0,2,2,0,0,2,0,0,0,0,0,0,2,0
2020-05-17,77,2,2,2,0,2,2,2,2,2,0,2,0,0,2,2,2,2,0,0,2,2,0,0,2,0,0,0,0,0,0,2,0
2020-05-18,78,2,2,2,0,2,2,2,2,2,0,2,0,0,2,2,2,2,0,0,2,2,0,0,2,0,0,0,0,0,0,2,0
2020-05-19,79,2,2,2,0,2,2,2,2,2,0,2,0,0,2,2,2,2,0,0,2,2,0,0,2,0,0,0,0,0,0,2,0
2020-05-20,80,2,2,2,0,2,2,2,2,2,0,2,0,0,2,2,2,2,0,0,2,2,0,0,2,0,0,0,0,0,0,2,0
2020-05-21,81,2,2,2,0,2,2,2,2,2,0,2,0,0,2,2,2,2,0,0,2,2,0,0,2,0,0,0,0,0,0,2,0
2020-05-22,82,2,2,2,0,2,1,0,2,2,0,2,0,0,2,2,2,2,0,0,2,2,0,2,2,0,0,0,0,0,0,1,0
2020-05-23,83,2,2,2,0,2,1,0,2,2,0,2,0,0,2,2,2,2,0,0,2,2,0,2,2,0,0,0,0,0,0,1,0
2020-05-24,84,2,2,2,0,2,1,0,2,2,0,2,0,0,2,2,2,2,0,0,2,2,0,2,2,0,0,0,0,0,0,1,0
2020-05-25,85,2,2,2,0,2,1,0,2,2,0,2,0,0,2,2,2,2,0,0,2,2,0,2,2,0,0,0,0,0,0,1,0
2020-05-26,86,2,2,2,0,2,1,0,2,2,0,2,0,0,2,2,2,2,0,0,2,2,0,2,2,0,0,0,0,0,0,1,0
2020-05-27,87,2,2,2,0,2,1,0,2,2,0,2,0,0,2,2,2,2,0,0,2,2,0,2,2,0,0,0,0,0,0,1,0
2020-05-28,88,2,2,2,0,2,1,0,2,2,0,2,0,0,2,2,2,2,0,0,2,2,0,2,2,0,0,0,0,0,0,1,0
2020-05-29,89,2,2,2,0,2,1,0,2,2,0,2,0,0,2,2,2,2,0,0,2,2,0,2,2,0,0,0,0,0,0,1,0
2020-05-30,90,2,2,2,0,2,1,0,2,2,0,2,0,0,2,2,2,2,0,0,2,2,0,2,2,0,0,0,0,0,0,1,0
2020-05-31,91,2,2,2,0,2,1,0,2,2,0,2,0,0,2,2,2,2,0,0,2,2,0,2,2,0,0,0,0,0,0,1,0
2020-06-01,92,2,2,2,0,2,1,0,2,2,0,2,0,0,2,2,2,2,0,0,2,2,0,2,2,0,0,0,0,0,0,1,0
2020-06-02,93,2,2,2,0,2,1,0,2,2,0,2,0,0,2,2,2,2,0,0,2,2,0,2,2,0,0,0,0,0,0,1,0
2020-06-03,94,2,2,2,0,0,1,0,1,2,0,2,0,0,2,2,2,2,0,0,2,2,0,2,2,0,0,0,0,0,0,1,0
2020-06-04,95,2,2,2,0,0,1,0,1,2,0,2,0,0,2,2,2,2,0,0,2,2,0,2,2,0,0,0,0,0,0,1,0
2020-06-05,96,2,2,2,0,0,1,0,1,2,0,2,0,0,2,2,2,2,0,0,2,2,0,2,2,0,0,0,0,0,0,1,0
2020-06-06,97,2,2,2,0,0,1,0,1,2,0,2,0,0,2,2,2,2,0,0,2,2,0,2,2,0,0,0,0,0,0,1,0
2020-06-07,98,2,2,2,0,0,1,0,1,2,0,2,0,0,2,2,2,2,0,0,2,2,0,2,2,0,0,0,0,0,0,1,0
2020-06-08,99,2,2,2,0,0,1,0,1,2,0,2,0,0,2,2,2,2,0,0,2,2,0,2,2,0,0,0,0,0,0,1,0
2020-06-09,100,2,2,2,0,0,1,0,1,2,0,2,0,0,2,2,2,2,0,0,2,2,0,2,2,0,0,0,0,0,0,1,0
2020-06-10,101,2,2,2,0,0,1,0,1,2,0,2,0,0,2,2,2,2,0,0,2,2,0,2,2,0,0,0,0,0,0,1,0
2020-06-11,102,2,2,2,0,0,1,0,1,2,0,2,0,0,2,2,2,2,0,0,2,2,0,2,2,0,0,0,0,0,0,1,0
2020-06-12,103,2,2,2,0,0,1,0,1,2,0,2,0,0,2,2,2,2,0,0,2,2,0,2,2,0,0,0,0,0,0,1,0
2020-06-13,104,2,2,2,0,0,1,0,1,2,0,2,0,0,2,2,2,2,0,0,2,2,0,2,2,0,0,0,0,0,0,1,0
2020-06-14,105,2,2,2,0,0,1,0,1,2,0,2,0,0,2,2,2,2,0,0,2,2,0,2,2,0,0,0,0,0,0,1,0
2020-06-15,106,2,2,2,0,0,1,0,1,2,0,2,0,0,2,2,2,2,0,0,2,2,0,2,2,0,0,0,0,0,0,1,0
2020-06-16,107,2,2,2,0,0,1,0,1,2,0,2,0,0,2,2,2,2,0,0,2,2,0,2,2,0,0,0,0,0,0,1,0
2020-06-17,108,2,2,2,0,0,1,0,1,2,0,2,0,0,2,2,2,2,0,0,2,2,0,2,2,0,0,0,0,0,0,1,0
2020-06-18,109,2,2,2,0,0,1,0,1,2,0,2,0,0,2,2,2,2,0,0,2,2,0,2,2,0,0,0,0,0,0,1,0
2020-06-19,110,2,2,2,0,0,1,0,1,2,0,2,0,0,2,2,2,2,0,0,2,2,0,2,2,0,0,0,0,0,0,1,0
2020-06-20,111,2,2,2,0,0,1,0,1,2,0,2,0,0,2,2,2,2,0,0,2,2,0,2,2,0,0,0,0,0,0,1,0
2020-06-21,112,2,2,2,0,0,1,0,1,2,0,2,0,0,2,2,2,2,0,0,2,2,0,2,2,0,0,0,0,0,0,1,0
2020-06-22,113,2,2,2,0,0,1,0,1,2,0,2,0,0,2,2,2,2,0,0,2,2,0,2,2,0,0,0,0,0,0,1,0
2020-06-23,114,2,2,2,0,0,1,0,1,2,0,2,0,0,2,2,2,2,0,0,2,2,0,2,2,0,0,0,0,0,0,1,0
2020-06-24,115,2,2,2,0,0,1,0,1,2,0,2,0,0,2,2,2,2,0,0,2,2,0,2,2,0,0,0,0,0,0,1,0
2020-06-25,116,2,2,2,0,0,1,0,1,2,0,2,0,0,2,2,2,2,0,0,2,2,0,2,2,0,0,0,0,0,0,1,0
2020-06-26,117,2,2,2,0,0,1,0,1,2,0,2,0,0,2,2,2,2,0,0,2,2,0,2,2,0,0,0,0,0,0,1,0
2020-06-27,118,2,2,2,0,0,1,0,1,2,0,2,0,0,2,2,2,2,0,0,2,2,0,2,2,0,0,0,0,0,0,1,0
2020-06-28,119,2,2,2,0,0,1,0,1,2,0,2,0,0,2,2,2,2,0,0,2,2,0,2,2,0,0,0,0,0,0,1,0
2020-06-29,120,2,2,2,0,0,1,0,1,2,0,2,0,0,2,2,2,2,0,0,2,2,0,2,2,0,0,0,0,0,0,1,0
2020-06-30,121,2,2,2,0,0,1,0,1,2,0,2,0,0,2,2,2,2,0,0,2,2,0,2,2,0,0,0,0,0,0,1,0
2020-07-01,122,0,2,1,0,0,1,0,1,2,0,2,0,0,2,0,2,2,0,0,0,0,0,2,2,0,0,0,0,0,0,1,0
2020-07-02,123,0,0,1,0,0,1,0,1,2,0,2,0,0,2,0,2,2,0,0,0,0,0,2,2,0,0,0,0,0,0,1,0
2020-07-03,124,0,0,1,0,0,1,0,1,2,0,2,0,0,2,0,2,2,0,0,0,0,0,2,2,0,0,0,0,0,0,1,0
2020-07-04,125,0,0,1,0,0,1,0,1,2,0,2,0,0,2,0,2,2,0,0,0,0,0,2,2,0,0,0,0,0,0,1,0
2020-07-05,126,0,0,1,0,0,1,0,1,2,0,2,0,0,2,0,2,2,0,0,0,0,0,2,2,0,0,0,0,0,0,1,0
2020-07-06,127,0,0,1,0,0,1,0,1,2,0,2,0,0,2,0,2,2,0,0,0,0,0,2,2,0,0,0,0,0,0,1,0
2020-07-07,128,0,0,1,0,0,1,0,1,2,0,2,0,0,2,0,2,2,0,0,0,0,0,2,2,0,0,0,0,0,0,1,0
2020-07-08,129,0,0,1,0,0,1,0,1,2,0,2,0,0,2,0,2,2,0,0,0,0,0,2,2,0,0,0,0,0,0,1,0
2020-07-09,130,0,0,1,0,0,1,0,1,2,0,2,0,0,2,0,2,2,0,0,0,0,0,2,2,0,0,0,0,0,0,1,0
2020-07-10,131,0,0,1,0,0,1,0,1,2,0,2,0,0,2,0,2,2,0,0,0,0,0,2,2,0,0,0,0,0,0,1,0
2020-07-11,132,0,0,1,0,0,1,0,1,2,0,2,0,0,2,0,2,2,0,0,0,0,0,2,2,0,0,0,0,0,0,1,0
2020-07-12,133,0,0,1,0,0,1,0,1,2,0,2,0,0,2,0,2,2,0,0,0,0,0,2,2,0,0,0,0,0,0,1,0
2020-07-13,134,0,0,1,0,0,1,0,1,2,0,2,0,0,2,0,2,2,0,0,0,0,0,2,2,0,0,0,0,0,0,1,0
2020-07-14,135,0,0,1,0,0,1,0,1,2,0,2,0,0,2,0,2,2,0,0,0,0,0,2,2,0,0,0,0,0,0,1,0
2020-07-15,136,0,0,1,0,0,1,0,1,2,0,2,0,0,2,0,2,2,0,0,0,0,0,2,2,0,0,0,0,0,0,1,0
2020-07-16,137,0,0,1,0,0,1,0,1,2,0,2,0,0,2,0,2,2,0,0,0,0,0,2,2,0,0,0,0,0,0,1,0
2020-07-17,138,0,0,1,0,0,1,0,1,2,0,2,0,0,2,0,2,2,0,0,0,0,0,2,2,0,0,0,0,0,0,1,0
2020-07-18,139,0,0,1,0,0,1,0,1,2,0,2,0,0,2,0,2,2,0,0,0,0,0,2,2,0,0,0,0,0,0,1,0
2020-07-19,140,0,0,1,0,0,1,0,1,2,0,2,0,0,2,0,2,2,0,0,0,0,0,2,2,0,0,0,0,0,0,1,0
2020-07-20,141,0,0,1,0,0,1,0,1,2,0,2,0,0,2,0,2,2,0,0,0,0,0,2,2,0,0,0,0,0,0,1,0
2020-07-21,142,0,0,1,0,0,1,0,1,2,0,2,0,0,2,0,2,2,0,0,0,0,0,2,2,0,0,0,0,0,0,1,0
2020-07-22,143,0,0,1,0,0,1,0,1,2,0,2,0,0,2,0,2,2,0,0,0,0,0,2,2,0,0,0,0,0,0,1,0
2020-07-23,144,0,0,1,0,0,1,0,1,2,0,2,0,0,2,0,2,2,0,0,0,0,0,2,2,0,0,0,0,0,0,1,0
2020-07-24,145,0,0,1,0,0,1,0,1,2,0,2,0,0,2,0,2,2,0,0,0,0,0,2,2,0,0,0,0,0,0,1,0
2020-07-25,146,0,0,1,0,0,1,0,1,2,0,2,0,0,2,0,2,2,0,0,0,0,0,2,2,0,0,0,0,0,0,1,0
2020-07-26,147,0,0,1,0,0,1,0,1,2,0,2,0,0,2,0,2,2,0,0,0,0,0,2,2,0,0,0,0,0,0,1,0
2020-07-27,148,0,0,1,0,0,1,0,1,2,0,2,0,0,2,0,2,2,0,0,0,0,0,2,2,0,0,0,0,0,0,1,0
2020-07-28,149,0,0,1,0,0,1,0,1,2,0,2,0,0,2,0,2,2,0,0,0,0,0,2,2,0,0,0,0,0,0,1,0
2020-07-29,150,0,0,1,0,0,1,0,1,2,0,2,0,0,2,0,2,2,0,0,0,0,0,2,2,0,0,0,0,0,0,1,0
2020-07-30,151,0,0,1,0,0,1,0,1,2,0,2,0,0,2,0,2,2,0,0,0,0,0,2,2,0,0,0,0,0,0,1,0
2020-07-31,152,0,0,1,0,0,1,0,1,2,0,2,0,0,2,0,2,2,0,0,0,0,0,2,2,0,0,0,0,0,0,1,0
2020-08-01,153,0,0,1,0,0,1,0,1,2,0,2,0,0,2,0,2,2,0,0,0,0,0,2,2,0,0,0,0,0,0,1,0
2020-08-02,154,0,0,1,0,0,1,0,1,2,0,2,0,0,2,0,2,2,0,0,0,0,0,2,2,0,0,0,0,0,0,1,0
2020-08-03,155,0,0,1,0,0,1,0,1,2,0,2,0,0,2,0,2,2,0,0,0,0,0,2,2,0,0,0,0,0,0,1,0
2020-08-04,156,0,0,1,0,0,1,0,1,2,0,2,0,0,2,0,2,2,0,0,0,0,0,2,2,0,0,0,0,0,0,1,0
2020-08-05,157,0,0,1,0,0,1,0,1,2,0,2,0,0,2,0,2,2,0,0,0,0,0,2,2,0,0,0,0,0,0,1,0
2020-08-06,158,0,0,1,0,0,1,0,1,2,0,2,0,0,2,0,2,2,0,0,0,0,0,2,2,0,0,0,0,0,0,1,0
2020-08-07,159,0,0,1,0,0,1,0,1,2,0,2,0,0,2,0,2,2,0,0,0,0,0,2,2,0,0,0,0,0,0,1,0
2020-08-08,160,0,0,1,0,0,1,0,1,2,0,2,0,0,2,0,2,2,0,0,0,0,0,2,2,0,0,0,0,0,0,1,0
2020-08-09,161,0,0,1,0,0,1,0,1,2,0,2,0,0,2,0,2,2,0,0,0,0,0,2,2,0,0,0,0,0,0,1,0
2020-08-10,162,0,0,1,0,0,1,0,1,2,0,2,0,0,2,0,2,2,0,0,0,0,0,2,2,0,0,0,0,0,0,1,0
2020-08-11,163,0,0,1,0,0,1,0,1,2,0,2,0,0,2,0,2,2,0,0,0,0,0,2,2,0,0,0,0,0,0,1,0
2020-08-12,164,0,0,1,0,0,1,0,1,2,0,2,0,0,2,0,2,2,0,0,0,0,0,2,2,0,0,0,0,0,0,1,0
2020-08-13,165,0,0,1,0,0,1,0,1,2,0,2,0,0,2,0,2,2,0,0,0,0,0,2,2,0,0,0,0,0,0,1,0
2020-08-14,166,0,0,1,0,0,1,0,1,2,0,2,0,0,2,0,2,2,0,0,0,0,0,2,2,0,0,0,0,0,0,1,0
2020-08-15,167,0,0,1,0,0,1,0,1,2,0,2,0,0,2,0,2,2,0,0,0,0,0,2,2,0,0,0,0,0,0,1,0
2020-08-16,168,0,0,1,0,0,1,0,1,2,0,2,0,0,2,0,2,2,0,0,0,0,0,2,2,0,0,0,0,0,0,1,0
2020-08-17,169,0,0,1,0,0,1,1,1,2,0,2,0,0,2,0,2,2,0,2,0,0,0,2,2,0,0,0,0,0,0,1,0
2020-08-18,170,0,0,1,0,0,1,1,1,2,0,2,0,0,2,0,2,2,0,2,0,0,0,2,2,0,0,0,0,0,0,1,0
2020-08-19,171,0,0,1,0,0,1,1,1,2,0,2,0,0,2,0,2,2,0,2,0,0,0,2,2,0,0,0,0,0,0,1,0
2020-08-20,172,0,0,1,0,0,1,1,1,2,0,2,0,0,2,0,2,2,0,2,0,0,0,2,2,0,0,0,0,0,2,1,0
2020-08-21,173,0,0,1,0,0,1,1,1,2,0,2,0,0,2,0,2,2,0,2,0,0,0,2,2,0,0,0,0,0,2,1,0
2020-08-22,174,0,0,1,0,0,1,1,1,2,0,2,0,0,2,0,2,2,0,2,0,0,0,2,2,0,0,0,0,0,2,1,0
2020-08-23,175,0,0,1,0,0,1,1,1,2,0,2,0,0,2,0,2,2,0,2,0,0,0,2,2,0,0,0,0,0,2,1,0
2020-08-24,176,0,0,1,0,0,1,1,1,2,0,2,0,0,2,0,2,2,0,2,0,0,0,2,2,0,0,0,0,0,2,1,0
2020-08-25,177,0,0,1,0,0,1,1,1,2,0,2,0,0,2,0,2,2,0,2,0,0,0,2,2,0,0,0,0,0,2,1,0
2020-08-26,178,0,0,1,0,0,1,1,1,2,0,2,0,0,2,0,2,2,0,2,0,0,0,2,2,0,0,0,0,0,2,1,0
2020-08-27,179,0,0,1,0,0,1,1,1,2,0,2,0,0,2,0,2,2,0,2,0,0,0,2,2,0,0,0,0,0,2,1,0
2020-08-28,180,0,0,1,0,0,1,1,1,2,0,2,0,0,2,0,2,2,0,2,0,0,0,2,2,0,0,0,0,0,2,1,0
2020-08-29,181,0,0,1,0,0,1,1,1,2,0,2,0,0,2,0,2,2,0,2,0,0,0,2,2,0,0,0,0,0,2,1,0
2020-08-30,182,0,0,1,0,0,1,1,1,2,0,2,0,0,2,0,2,2,0,2,0,0,0,2,2,0,0,0,0,0,2,1,0
2020-08-31,183,0,0,1,0,0,1,1,1,2,0,2,0,0,2,0,2,2,0,2,0,0,0,2,2,0,0,0,0,0,2,1,0
2020-09-01,184,0,0,1,0,0,1,1,1,2,0,2,0,0,2,2,2,2,0,2,0,0,0,2,2,0,0,0,0,0,2,1,0
2020-09-02,185,0,0,1,0,0,1,1,1,2,0,2,0,0,2,2,2,2,0,2,0,0,0,2,2,0,0,0,0,0,2,1,0
2020-09-03,186,0,0,1,0,0,1,1,1,2,0,2,0,0,2,2,2,2,0,2,0,0,0,2,2,0,0,0,0,0,2,1,0
2020-09-04,187,0,0,1,0,0,1,1,1,2,0,2,0,0,2,2,2,2,0,2,0,0,0,2,2,0,0,0,0,0,2,1,0
2020-09-05,188,0,0,1,0,0,1,1,1,2,0,2,0,0,2,2,2,2,0,2,0,0,0,2,2,0,0,0,0,0,2,1,0
2020-09-06,189,0,0,1,0,0,1,1,1,2,0,2,0,0,2,2,2,2,0,2,0,0,0,2,2,0,0,0,0,0,2,1,0
2020-09-07,190,0,0,1,0,0,1,1,1,2,0,2,0,0,2,2,2,2,0,2,0,0,0,2,2,0,0,0,0,0,2,1,0
2020-09-08,191,0,0,1,0,0,1,1,1,2,0,2,0,0,2,2,2,2,0,2,0,0,0,2,2,0,0,0,0,0,2,1,0
2020-09-09,192,0,0,1,0,0,1,1,1,2,0,2,0,0,2,2,2,2,0,2,0,0,0,2,2,0,0,0,0,0,2,1,0
2020-09-10,193,0,0,1,0,0,1,1,1,2,0,2,0,0,2,2,2,2,0,2,0,0,0,2,2,0,0,0,0,0,2,1,0
2020-09-11,194,0,0,1,0,0,1,1,1,2,0,2,0,0,2,2,2,2,0,2,0,0,0,2,2,0,0,0,0,0,2,1,0
2020-09-12,195,0,0,1,0,0,1,1,1,2,0,2,0,0,2,2,2,2,0,2,0,0,0,2,2,0,0,0,0,0,2,1,0
2020-09-13,196,0,0,1,0,0,1,1,1,2,0,2,0,0,2,2,2,2,0,2,0,0,0,2,2,0,0,0,0,0,2,1,0
2020-09-14,197,0,0,1,0,0,1,1,1,2,0,2,0,0,2,2,2,2,0,2,0,0,0,2,2,0,0,0,0,0,2,1,0
2020-09-15,198,0,0,1,0,0,1,1,1,2,0,2,0,0,2,2,2,2,0,2,0,0,0,2,2,0,0,0,0,0,2,1,0
2020-09-16,199,0,0,1,0,0,1,1,1,2,0,2,0,0,2,2,2,2,0,2,0,0,0,2,2,0,0,0,0,0,2,1,0
2020-09-17,200,0,0,1,0,0,1,1,1,2,0,2,0,0,2,2,2,2,0,2,0,0,0,2,2,0,0,0,0,0,2,1,0
2020-09-18,201,0,0,1,2,0,1,1,1,2,0,2,0,0,2,2,2,2,0,2,0,0,0,2,2,0,0,0,0,0,2,1,0
2020-09-19,202,0,0,1,2,0,1,1,1,2,0,2,0,0,2,2,2,2,0,2,0,0,0,2,2,0,0,0,0,0,2,1,0
2020-09-20,203,0,0,1,2,0,1,1,1,2,0,2,0,0,2,2,2,2,0,2,0,0,0,2,2,0,0,0,0,0,2,1,0
2020-09-21,204,0,0,1,2,0,1,1,1,2,0,2,0,0,2,2,2,2,0,2,0,0,0,2,2,0,0,0,0,0,2,1,0
2020-09-22,205,0,0,1,2,0,1,1,1,2,0,2,0,0,2,2,2,2,0,2,0,0,0,2,2,0,0,0,0,0,2,1,0
2020-09-23,206,0,0,1,2,0,1,1,1,2,0,2,0,0,2,2,2,2,0,2,0,0,0,2,2,0,0,0,0,0,2,1,0
2020-09-24,207,0,0,1,2,0,1,1,1,2,0,2,0,0,2,2,2,2,0,2,0,0,0,2,2,0,0,0,0,0,2,1,0
2020-09-25,208,0,0,1,2,0,1,1,1,2,0,2,0,0,2,2,2,2,0,2,0,0,0,2,2,0,0,0,0,0,2,1,0
2020-09-26,209,0,0,1,2,0,1,1,1,2,0,2,0,0,2,2,2,2,0,2,0,0,0,2,2,0,0,0,0,0,2,1,0
2020-09-27,210,0,0,1,2,0,1,1,1,2,0,2,0,0,2,2,2,2,0,2,0,0,0,2,2,0,0,0,0,0,2,1,0
2020-09-28,211,0,0,1,2,0,1,1,1,2,0,2,0,0,2,2,2,2,0,2,0,0,0,2,2,0,0,0,0,0,2,1,0
2020-09-29,212,0,0,1,2,0,1,1,1,2,0,2,0,0,2,2,2,2,0,2,0,0,0,2,2,0,0,0,0,0,2,1,0
2020-09-30,213,0,0,1,2,0,1,1,1,2,0,2,0,0,2,2,2,2,0,2,0,0,0,2,2,0,0,0,0,0,2,1,0
2020-10-01,214,0,0,1,2,0,1,1,1,2,2,2,0,0,2,2,2,2,0,2,0,0,0,2,2,0,0,0,0,0,2,1,0
2020-10-02,215,0,0,1,2,0,1,1,1,2,2,2,0,0,2,2,2,2,0,2,0,0,0,2,2,0,0,0,0,0,2,1,0
2020-10-03,216,0,0,1,2,0,1,1,1,2,2,2,0,0,2,2,2,2,0,2,0,0,0,2,2,0,0,0,0,0,2,1,0
2020-10-04,217,0,0,1,2,0,1,1,1,2,2,2,0,0,2,2,2,2,0,2,0,0,0,2,2,0,0,0,0,0,2,1,0
2020-10-05,218,0,0,1,2,0,1,1,1,2,2,2,0,0,2,2,2,2,0,2,0,0,0,2,2,0,0,0,0,0,2,1,0
2020-10-06,219,0,0,1,2,0,1,1,1,2,2,2,0,0,2,2,2,2,0,2,0,0,0,2,2,0,0,0,0,0,2,1,0
2020-10-07,220,0,0,1,2,0,1,1,1,2,2,2,0,0,2,2,2,2,0,2,0,0,0,2,2,0,0,0,0,0,2,1,0
2020-10-08,221,0,0,1,2,0,1,1,1,2,2,2,0,0,2,2,2,2,0,2,0,0,0,2,2,0,0,0,0,0,2,1,0
2020-10-09,222,0,0,1,2,0,1,1,1,2,2,2,0,0,2,2,2,2,0,2,0,0,0,2,2,0,0,0,0,0,2,1,0
2020-10-10,223,0,0,1,2,0,1,1,1,2,2,2,0,0,2,2,2,2,0,2,0,0,0,2,2,0,0,0,0,0,2,1,0
2020-10-11,224,0,0,1,2,0,1,1,1,2,2,2,0,0,2,2,2,2,0,2,0,0,0,2,2,0,0,0,0,0,2,1,0
2020-10-12,225,0,0,1,2,0,1,1,1,2,2,2,0,0,2,2,2,2,0,2,0,0,0,2,2,0,0,0,0,0,2,1,0
2020-10-13,226,0,0,1,2,0,1,1,1,2,2,2,0,0,2,2,2,2,0,2,0,0,0,2,2,0,0,0,0,0,2,1,0
2020-10-14,227,0,0,1,2,0,1,1,1,2,2,2,0,0,2,2,2,2,0,2,0,0,0,2,2,0,0,0,0,0,2,1,0
2020-10-15,228,0,0,1,2,0,1,1,1,2,2,2,0,0,2,2,2,2,0,2,0,0,0,2,2,0,0,0,0,0,2,1,0
2020-10-16,229,0,0,1,2,0,1,1,1,2,2,2,0,0,2,2,2,2,0,2,0,0,0,2,2,0,0,0,0,0,2,1,0
2020-10-17,230,0,0,1,2,0,1,1,1,2,2,2,0,0,2,2,2,2,0,2,0,0,0,2,2,0,0,0,0,0,2,1,0
2020-10-18,231,0,0,1,2,0,1,1,1,2,2,2,0,0,2,2,2,2,0,2,0,0,0,2,2,0,0,0,0,0,2,1,0
2020-10-19,232,0,0,1,2,0,1,1,1,2,2,2,0,0,2,2,2,2,0,2,0,0,0,2,2,0,0,0,0,0,2,1,0
2020-10-20,233,0,0,1,2,0,1,1,1,2,2,2,0,0,2,2,2,2,0,2,0,0,0,2,2,0,0,0,0,0,2,1,0
2020-10-21,234,0,0,1,2,0,1,1,1,2,2,2,0,0,2,2,2,2,0,2,0,0,0,2,2,0,0,0,0,0,2,1,0
2020-10-22,235,0,0,1,2,0,1,1,1,2,2,2,0,0,2,2,2,2,0,2,0,0,0,2,2,0,0,0,0,0,2,1,0
2020-10-23,236,0,0,1,2,0,1,1,1,2,2,2,0,0,2,2,2,2,2,2,0,0,0,2,2,0,0,0,0,0,2,1,0
2020-10-24,237,0,0,1,2,0,1,1,1,2,2,2,0,0,2,2,2,2,2,2,0,0,0,2,2,0,0,0,0,0,2,1,0
2020-10-25,238,0,0,1,2,0,1,1,1,2,2,2,0,0,2,2,2,2,2,2,0,0,0,2,2,0,0,0,0,0,2,1,0
2020-10-26,239,0,0,1,2,0,1,1,1,2,2,2,0,0,2,2,2,2,2,2,0,0,0,2,2,0,0,0,0,0,2,1,0
2020-10-27,240,0,0,1,2,0,1,1,1,2,2,2,0,0,2,2,2,2,2,2,0,0,0,2,2,0,0,0,0,0,2,1,0
2020-10-28,241,0,0,1,2,0,1,1,1,2,2,2,0,0,2,2,2,2,2,2,0,0,0,2,2,0,0,0,0,0,2,1,0
2020-10-29,242,0,0,1,2,0,1,1,1,2,2,2,0,0,2,2,2,2,2,2,0,0,0,2,2,0,0,0,2,2,2,1,0
2020-10-30,243,0,0,1,2,0,1,1,1,2,2,2,0,0,2,2,2,2,2,2,0,0,0,2,2,0,0,0,2,2,2,1,0
2020-10-31,244,0,0,1,2,0,1,1,1,2,2,2,0,0,2,2,2,2,2,2,0,0,0,2,2,0,0,0,2,2,2,1,0
2020-11-01,245,0,0,1,2,0,1,1,1,2,2,2,0,0,2,2,2,2,2,2,0,0,0,2,2,0,0,0,2,2,2,1,0
2020-11-02,246,0,0,1,2,0,1,1,1,2,2,2,0,0,2,2,2,2,2,2,0,0,0,2,2,0,0,0,2,2,2,1,0
2020-11-03,247,0,0,1,2,0,1,1,1,2,2,2,0,0,2,2,2,2,2,2,0,0,0,2,2,0,0,0,2,2,2,1,0
2020-11-04,248,0,0,1,2,0,1,1,1,2,2,2,0,0,2,2,2,2,2,2,0,0,0,2,2,0,0,0,2,2,2,1,0
2020-11-05,249,0,0,1,2,0,1,1,1,2,2,2,0,0,2,2,2,2,2,2,0,0,0,2,2,0,0,0,2,2,2,1,0
2020-11-06,250,0,0,1,2,0,1,1,1,2,2,2,0,0,2,2,2,2,2,2,0,0,0,2,2,0,0,0,2,2,2,1,0
2020-11-07,251,0,0,1,2,0,1,1,1,2,2,2,0,0,2,2,2,2,2,2,0,0,0,2,2,0,0,0,2,2,2,1,0
2020-11-08,252,0,0,1,2,0,1,1,1,2,2,2,0,0,2,2,2,2,2,2,0,0,0,2,2,0,0,0,2,2,2,1,0
2020-11-09,253,0,0,1,2,0,1,1,1,2,2,2,0,0,2,2,2,2,2,2,0,0,0,2,2,0,0,0,2,2,2,1,0
2020-11-10,254,0,0,1,2,0,1,1,1,2,2,2,0,0,2,2,2,2,2,2,0,0,0,2,2,0,0,0,2,2,2,1,0
2020-11-11,255,0,0,1,2,0,1,1,1,2,2,2,0,0,2,2,2,2,2,2,0,0,0,2,2,0,0,0,2,2,2,1,0
2020-11-12,256,0,0,1,2,0,1,1,1,2,2,2,0,0,2,2,2,2,2,2,0,0,0,2,2,0,0,0,2,2,2,1,0
2020-11-13,257,0,0,1,2,0,1,1,1,2,2,2,0,0,2,2,2,2,2,2,0,0,0,2,2,0,0,0,2,2,2,1,0
2020-11-14,258,0,0,1,2,0,1,1,1,2,2,2,0,0,2,2,2,2,2,2,0,0,0,2,2,0,0,0,2,2,2,1,0
2020-11-15,259,0,0,1,2,0,1,1,1,2,2,2,0,0,2,2,2,2,2,2,0,0,0,2,2,0,0,0,2,2,2,1,0
2020-11-16,260,0,0,1,2,0,1,1,1,2,2,2,0,0,2,2,2,2,2,2,0,0,0,2,2,0,0,0,2,2,2,1,0
2020-11-17,261,0,0,1,2,0,1,1,1,2,2,2,0,0,2,2,2,2,2,2,0,0,0,2,2,0,0,0,2,2,2,1,0
2020-11-18,262,0,0,1,2,0,1,1,1,2,2,2,0,0,2,2,2,2,2,2,0,0,0,2,2,0,0,0,2,2,2,1,0
2020-11-19,263,0,0,1,2,0,1,1,1,2,2,2,0,0,2,2,2,2,2,2,0,0,0,2,2,0,0,0,2,2,2,1,0
2020-11-20,264,0,0,1,2,0,1,1,1,2,2,2,0,0,2,2,2,2,2,2,0,0,0,2,2,0,0,0,2,2,2,1,0
2020-11-21,265,0,0,1,2,0,1,1,1,2,2,2,0,0,2,2,2,2,2,2,0,0,0,2,2,0,0,0,2,2,2,1,0
2020-11-22,266,0,0,1,2,0,1,1,1,2,2,2,0,0,2,2,2,2,2,2,0,0,0,2,2,0,0,0,2,2,2,1,0
2020-11-23,267,0,0,1,2,0,1,1,1,2,2,2,0,0,2,2,2,2,2,2,0,0,0,2,2,0,0,0,2,2,2,1,0
2020-11-24,268,0,0,1,2,0,1,1,1,2,2,2,0,0,2,2,2,2,2,2,0,0,0,2,2,0,0,0,2,2,2,1,0
2020-11-25,269,0,0,1,2,0,1,1,1,2,2,2,0,0,2,2,2,2,2,2,0,0,0,2,2,0,0,0,2,2,2,1,0
2020-11-26,270,0,0,1,2,0,1,1,1,2,2,2,0,0,2,2,2,2,2,2,0,0,0,2,2,0,0,0,2,2,2,1,0
2020-11-27,271,0,0,1,2,0,1,1,1,2,2,2,0,0,2,2,2,2,2,2,0,0,0,2,2,0,0,0,2,2,2,1,0
2020-11-28,272,0,0,1,2,0,1,1,1,2,2,2,0,0,2,2,2,2,2,2,0,0,0,2,2,0,0,0,2,2,2,1,0
2020-11-29,273,0,0,1,2,0,1,1,1,2,2,2,0,0,2,2,2,2,2,2,0,0,0,2,2,0,0,0,2,2,2,1,0
2020-11-30,274,0,0,1,2,0,1,1,1,2,2,2,0,0,2,2,2,2,2,2,0,0,0,2,2,0,0,0,2,2,2,1,0
2020-12-01,275,0,0,1,2,0,1,1,1,2,2,2,0,0,2,2,2,2,2,2,0,0,0,2,2,0,0,0,2,2,2,1,0
2020-12-02,276,0,0,1,2,0,1,1,1,2,2,2,0,0,2,2,2,2,2,2,0,0,0,2,2,0,0,0,2,2,2,1,0
2020-12-03,277,0,0,1,2,0,1,1,1,2,2,2,0,0,2,2,2,2,2,2,0,0,0,2,2,0,0,0,2,2,2,1,0
2020-12-04,278,0,0,1,2,0,1,1,1,2,2,2,0,0,2,2,2,2,2,2,0,0,0,2,2,0,0,0,2,2,2,1,0
2020-12-05,279,0,0,1,2,0,1,1,1,2,2,2,0,0,2,2,2,2,2,2,0,0,0,2,2,0,0,0,2,2,2,1,0
2020-12-06,280,0,0,1,2,0,1,1,1,2,2,2,0,0,2,2,2,2,2,2,0,0,0,2,2,0,0,0,2,2,2,1,0
2020-12-07,281,0,0,1,2,0,1,1,1,2,2,2,0,0,2,2,2,2,2,2,0,0,0,2,2,0,0,0,2,2,2,1,0
2020-12-08,282,0,0,1,2,0,1,1,1,2,2,2,0,0,2,2,2,2,2,2,0,0,0,2,2,0,0,0,2,2,2,1,0
2020-12-09,283,0,0,1,2,0,1,1,1,2,2,2,0,0,2,2,2,2,2,2,0,0,0,2,2,0,0,0,2,2,2,1,0
2020-12-10,284,0,0,1,2,0,1,1,1,2,2,2,0,0,2,2,2,2,2,2,0,0,0,2,2,0,0,0,2,2,2,1,0
2020-12-11,285,0,0,1,2,0,1,1,1,2,2,2,0,0,2,2,2,2,2,2,0,0,0,2,2,0,0,0,2,2,2,1,0
2020-12-12,286,0,0,1,2,0,1,1,1,2,2,2,0,0,2,2,2,2,2,2,0,0,0,2,2,0,0,0,2,2,2,1,0
2020-12-13,287,0,0,1,2,0,1,1,1,2,2,2,0,0,2,2,2,2,2,2,0,0,0,2,2,0,0,0,2,2,2,1,0
2020-12-14,288,0,0,1,2,0,1,1,1,2,2,2,0,0,2,2,2,2,2,2,0,0,0,2,2,0,0,0,2,2,2,1,0
2020-12-15,289,0,0,1,2,0,1,1,1,2,2,2,0,0,2,2,2,2,2,2,0,0,0,2,2,0,0,0,2,2,2,1,0
2020-12-16,290,0,0,1,2,0,1,1,1,2,2,2,0,0,2,2,2,2,2,2,0,0,0,2,2,0,0,0,2,2,2,1,0
2020-12-17,291,0,0,1,2,0,1,1,1,2,2,2,0,0,2,2,2,2,2,2,0,0,0,2,2,0,0,0,2,2,2,1,0
2020-12-18,292,0,0,1,2,0,1,1,1,2,2,2,0,0,2,2,2,2,2,2,0,0,0,2,2,0,0,0,2,2,2,1,0
2020-12-19,293,0,0,1,2,0,1,1,1,2,2,2,0,0,2,2,2,2,2,2,0,0,0,2,2,0,0,0,2,2,2,1,0
2020-12-20,294,0,0,1,2,0,1,1,1,2,2,2,0,0,2,2,2,2,2,2,0,0,0,2,2,0,0,0,2,2,2,1,0
2020-12-21,295,0,0,1,2,0,1,1,1,2,2,2,0,0,2,2,2,2,2,2,0,0,0,2,2,0,0,0,2,2,2,1,0
2020-12-22,296,0,0,1,2,0,1,1,1,2,2,2,0,0,2,2,2,2,2,2,0,0,0,2,2,0,0,0,2,2,2,1,0
2020-12-23,297,0,0,1,2,0,1,1,1,2,2,2,0,0,2,2,2,2,2,2,0,0,0,2,2,0,0,0,2,2,2,1,0
2020-12-24,298,0,0,1,2,0,1,1,1,2,2,2,0,0,2,2,2,2,2,2,0,0,0,2,2,0,0,0,2,2,2,1,0
2020-12-25,299,0,0,1,2,0,1,1,1,2,2,2,0,0,2,2,2,2,2,2,0,0,0,2,2,0,0,0,2,2,2,1,0
2020-12-26,300,0,0,1,2,0,1,1,1,2,2,2,0,0,2,2,2,2,2,2,0,0,0,2,2,0,0,0,2,2,2,1,0
2020-12-27,301,0,0,1,2,0,1,1,1,2,2,2,0,0,2,2,2,2,2,2,0,0,0,2,2,0,0,0,2,2,2,1,0
2020-12-28,302,0,0,1,2,0,1,1,1,2,2,2,0,0,2,2,2,2,2,2,0,0,0,2,2,0,0,0,2,2,2,1,0
2020-12-29,303,0,0,1,2,0,1,1,1,2,2,2,0,0,2,2,2,2,2,2,0,0,0,2,2,0,0,0,2,2,2,1,0
2020-12-30,304,0,0,1,2,0,1,1,1,2,2,2,0,0,2,2,2,2,2,2,0,0,0,2,2,0,0,0,2,2,2,1,0
2020-12-31,305,0,0,1,2,0,1,1,1,2,2,2,0,0,2,2,2,2,2,2,0,0,0,2,2,0,0,0,2,2,2,1,0
2021-01-01,306,0,0,1,2,0,1,1,1,2,2,2,0,0,2,2,2,2,2,2,0,0,0,2,2,0,0,0,2,2,2,1,0
2021-01-02,307,0,0,1,2,0,1,1,1,2,2,2,0,0,2,2,2,2,2,2,0,0,0,2,2,0,0,0,2,2,2,1,0
2021-01-03,308,0,0,1,2,0,1,1,1,2,2,2,0,0,2,2,2,2,2,2,0,0,0,2,2,0,0,0,2,2,2,1,0
2021-01-04,309,0,0,1,2,0,1,1,1,2,2,2,0,0,2,2,2,2,2,2,0,0,0,2,2,0,0,0,2,2,2,1,0
2021-01-05,310,0,0,1,2,0,1,1,1,2,2,2,0,0,2,2,2,2,2,2,0,0,0,2,2,0,0,0,2,2,2,1,0
2021-01-06,311,0,0,1,2,0,1,1,1,2,2,2,0,0,2,2,2,2,2,2,0,0,0,2,2,0,0,0,2,2,2,1,0
2021-01-07,312,0,0,1,2,0,1,1,1,2,2,2,0,0,2,2,2,2,2,2,0,0,0,2,2,0,0,0,2,2,2,1,0
2021-01-08,313,0,0,1,2,0,1,1,1,2,2,2,0,0,2,2,2,2,2,2,0,0,0,2,2,0,0,0,2,2,2,1,0
2021-01-09,314,0,0,1,2,0,1,1,1,2,2,2,0,0,2,2,2,2,2,2,0,0,0,2,2,0,0,0,2,2,2,1,0
2021-01-10,315,0,0,1,2,0,1,1,1,2,2,2,0,0,2,2,2,2,2,2,0,0,0,2,2,0,0,0,2,2,2,1,0
2021-01-11,316,0,0,1,2,0,1,1,1,2,2,2,0,0,2,2,2,2,2,2,0,0,0,2,2,0,0,0,2,2,2,1,0
2021-01-12,317,0,0,1,2,0,1,1,1,2,2,2,0,0,2,2,2,2,2,2,0,0,0,2,2,0,0,0,2,2,2,1,0
2021-01-13,318,0,0,1,2,0,1,1,1,2,2,2,0,0,2,2,2,2,2,2,0,0,0,2,2,0,0,0,2,2,2,1,0
2021-01-14,319,0,0,1,2,0,1,1,1,2,2,2,0,0,2,2,2,2,2,2,0,0,0,2,2,0,0,0,2,2,2,1,0
2021-01-15,320,0,0,1,2,0,1,1,1,2,2,2,0,0,2,2,2,2,2,2,0,0,0,2,2,0,0,0,2,2,2,1,0
2021-01-16,321,0,0,1,2,0,1,1,1,2,2,2,0,0,2,2,2,2,2,2,0,0,0,2,2,0,0,0,2,2,2,1,0
2021-01-17,322,0,0,1,2,0,1,1,1,2,2,2,0,0,2,2,2,2,2,2,0,0,0,2,2,0,0,0,2,2,2,1,0
2021-01-18,323,0,0,1,2,0,1,1,1,2,2,2,0,0,2,2,2,2,2,2,0,0,0,2,2,0,0,0,2,2,2,1,0
2021-01-19,324,0,0,1,2,0,1,1,1,2,2,2,0,0,2,2,2,2,2,2,0,0,0,2,2,0,0,0,2,2,2,1,0
2021-01-20,325,0,0,1,2,0,1,1,1,2,2,2,0,0,2,2,2,2,2,2,0,0,0,2,2,0,0,0,2,2,2,1,0
2021-01-21,326,0,0,1,2,0,1,1,1,2,2,2,0,0,2,2,2,2,2,2,0,0,0,2,2,0,0,0,2,2,2,1,0
2021-01-22,327,0,0,1,2,0,1,1,1,2,2,2,0,0,2,2,2,2,2,2,0,0,0,2,2,0,0,0,2,2,2,1,0
2021-01-23,328,0,0,1,2,0,1,1,1,2,2,2,0,0,2,2,2,2,2,2,0,0,0,2,2,0,0,0,2,2,2,1,0
2021-01-24,329,0,0,1,2,0,1,1,1,2,2,2,0,0,2,2,2,2,2,2,0,0,0,2,2,0,0,0,2,2,2,1,0
2021-01-25,330,0,0,1,2,0,1,1,1,2,2,2,0,0,2,2,2,2,2,2,0,0,0,2,2,0,0,0,2,2,2,1,0
2021-01-26,331,0,0,1,2,0,1,1,1,2,2,2,0,0,2,2,2,2,2,2,0,0,0,2,2,0,0,0,2,2,2,1,0
2021-01-27,332,0,0,1,2,0,1,1,1,2,2,2,0,0,2,2,2,2,2,2,0,0,0,2,2,0,0,0,2,2,2,1,0
2021-01-28,333,0,0,1,2,0,1,1,1,2,2,2,0,0,2,2,2,2,2,2,0,0,0,2,2,0,0,0,2,2,2,1,0
2021-01-29,334,0,0,1,2,0,1,1,1,2,2,2,0,0,2,2,2,2,2,2,0,0,0,2,2,0,0,0,2,2,2,1,0
2021-01-30,335,0,0,1,2,0,1,1,1,2,2,2,0,0,2,2,2,2,2,2,0,0,0,2,2,0,0,0,2,2,2,1,0
2021-01-31,336,0,0,1,2,0,1,1,1,2,2,2,0,0,2,2,2,2,2,2,0,0,0,2,2,0,0,0,2,2,2,1,0
2021-02-01,337,0,0,1,2,0,1,1,1,2,2,2,0,0,2,2,2,2,2,2,0,0,0,2,2,0,0,0,2,2,2,1,0
2021-02-02,338,0,0,1,2,0,1,1,1,2,2,2,0,0,2,2,2,2,2,2,0,0,0,2,2,0,0,0,2,2,2,1,0
2021-02-03,339,0,0,1,2,0,1,1,1,2,2,2,0,0,2,2,2,2,2,2,0,0,0,2,2,0,0,0,2,2,2,1,0
2021-02-04,340,0,0,1,2,0,1,1,1,2,2,2,0,0,2,2,2,2,2,2,0,0,0,2,2,0,0,0,2,2,2,1,0
2021-02-05,341,0,0,1,2,0,1,1,1,2,2,2,0,0,2,2,2,2,2,2,0,0,0,2,2,0,0,0,2,2,2,1,0
2021-02-06,342,0,0,1,2,0,1,1,1,2,2,2,0,0,2,2,2,2,2,2,0,0,0,2,2,0,0,0,2,2,2,1,0
2021-02-07,343,0,0,1,2,0,1,1,1,2,2,2,0,0,2,2,2,2,2,2,0,0,0,2,2,0,0,0,2,2,2,1,0
2021-02-08,344,0,0,1,2,0,1,1,1,2,2,2,0,0,2,2,2,2,2,2,0,0,0,2,2,0,0,0,2,2,2,1,0
2021-02-09,345,0,0,1,2,0,1,1,1,2,2,2,0,0,2,2,2,2,2,2,0,0,0,2,2,0,0,0,2,2,2,1,0
2021-02-10,346,0,0,1,2,0,1,1,1,2,2,2,0,0,2,2,2,2,2,2,0,0,0,2,2,0,0,0,2,2,2,1,0
2021-02-11,347,0,0,1,2,0,1,1,1,2,2,2,0,0,2,2,2,2,2,2,0,0,0,2,2,0,0,0,2,2,2,1,0
2021-02-12,348,0,0,1,2,0,1,1,1,2,2,2,0,0,2,2,2,2,2,2,0,0,0,2,2,0,0,0,2,2,2,1,0
2021-02-13,349,0,0,1,2,0,1,1,1,2,2,2,0,0,2,2,2,2,2,2,0,0,0,2,2,0,0,0,2,2,2,1,0
2021-02-14,350,0,0,1,2,0,1,1,1,2,2,2,0,0,2,2,2,2,2,2,0,0,0,2,2,0,0,0,2,2,2,1,0
2021-02-15,351,0,0,1,2,0,1,1,1,2,2,2,0,0,2,2,2,2,2,2,0,0,0,2,2,0,0,0,2,2,2,1,0
2021-02-16,352,0,0,1,2,0,1,1,1,2,2,2,0,0,2,2,2,2,2,2,0,0,0,2,2,0,0,0,2,2,2,1,0
2021-02-17,353,0,0,1,2,0,1,1,1,2,2,2,0,0,2,2,2,2,2,2,0,0,0,2,2,0,0,0,2,2,2,1,0
2021-02-18,354,0,0,1,2,0,1,1,1,2,2,2,0,0,2,2,2,2,2,2,0,0,0,2,2,0,0,0,2,2,2,1,0
2021-02-19,355,0,0,1,2,0,1,1,1,2,2,2,0,0,2,2,2,2,2,2,0,0,0,2,2,0,0,0,2,2,2,1,0
2021-02-20,356,0,0,1,2,0,1,1,1,2,2,2,0,0,2,2,2,2,2,2,0,0,0,2,2,0,0,0,2,2,2,1,0
2021-02-21,357,0,0,1,2,0,1,1,1,2,2,2,0,0,2,2,2,2,2,2,0,0,0,2,2,0,0,0,2,2,2,1,0
2021-02-22,358,0,0,1,2,0,1,1,1,2,2,2,0,0,2,2,2,2,2,2,0,0,0,2,2,0,0,0,2,2,2,1,0
2021-02-23,359,0,0,1,2,0,1,1,1,2,2,2,0,0,2,2,2,2,2,2,0,0,0,2,2,0,0,0,2,2,2,1,0
2021-02-24,360,0,0,1,2,0,1,1,1,2,2,2,0,0,2,2,2,2,2,2,0,0,0,2,2,0,0,0,2,2,2,1,0
2021-02-25,361,0,0,1,2,0,1,1,1,2,2,2,0,0,2,2,2,2,2,2,0,0,0,2,2,0,0,0,2,2,2,1,0
2021-02-26,362,0,0,1,2,0,1,1,1,2,2,2,0,0,2,2,2,2,2,2,0,0,0,2,2,0,0,0,2,2,2,1,0
2021-02-27,363,0,0,1,2,0,1,1,1,2,2,2,0,0,2,2,2,2,2,2,0,0,0,2,2,0,0,0,2,2,2,1,0
2021-02-28,364,0,0,1,2,0,1,1,1,2,2,2,0,0,2,2,2,2,2,2,0,0,0,2,2,0,0,0,2,2,2,1,0
2021-03-01,365,0,0,1,2,0,1,1,1,2,2,2,0,0,2,2,2,2,2,2,0,0,0,2,2,0,0,0,2,2,2,1,0
2021-03-02,366,0,0,1,2,0,1,1,1,2,2,2,0,0,2,2,2,2,2,2,0,0,0,2,2,0,0,0,2,2,2,1,0
2021-03-03,367,0,0,1,2,0,1,1,1,2,2,2,0,0,2,2,2,2,2,2,0,0,0,2,2,0,0,0,2,2,2,1,0
2021-03-04,368,0,0,1,2,0,1,1,1,2,2,2,0,0,2,2,2,2,2,2,0,0,0,2,2,0,0,0,2,2,2,1,0
2021-03-05,369,0,0,1,2,0,1,1,1,2,2,2,0,0,2,2,2,2,2,2,0,0,0,2,2,0,0,0,2,2,2,1,0
2021-03-06,370,0,0,1,2,0,1,1,1,2,2,2,0,0,2,2,2,2,2,2,0,0,0,2,2,0,0,0,2,2,2,1,0
2021-03-07,371,0,0,1,2,0,1,1,1,2,2,2,0,0,2,2,2,2,2,2,0,0,0,2,2,0,0,0,2,2,2,1,0
2021-03-08,372,0,0,1,2,0,1,1,1,2,2,2,0,0,2,2,2,2,2,2,0,0,0,2,2,0,0,0,2,2,2,1,0
2021-03-09,373,0,0,1,2,0,1,1,1,2,2,2,0,0,2,2,2,2,2,2,0,0,0,2,2,0,0,0,2,2,2,1,0
2021-03-10,374,0,0,1,2,0,1,1,1,2,2,2,0,0,2,2,2,2,2,2,0,0,0,2,2,0,0,0,2,2,2,2,0
2021-03-11,375,0,0,1,2,0,2,2,2,2,2,2,0,0,2,2,2,2,2,2,0,0,0,2,2,0,0,0,2,2,2,2,0
2021-03-12,376,0,0,1,2,0,2,2,2,2,2,2,0,0,2,2,2,2,2,2,0,0,0,2,2,0,0,0,2,2,2,2,0
2021-03-13,377,0,0,1,2,0,2,2,2,2,2,2,0,0,2,2,2,2,2,2,0,0,0,2,2,0,0,0,2,2,2,2,0
2021-03-14,378,0,0,1,2,0,2,2,2,2,2,2,0,0,2,2,2,2,2,2,0,0,0,2,2,0,0,0,2,2,2,2,0
2021-03-15,379,2,0,1,2,0,2,2,2,2,2,2,0,0,2,2,2,2,2,2,2,2,0,2,2,0,0,0,2,2,2,2,0
2021-03-16,380,2,0,1,2,0,2,2,2,2,2,2,0,0,2,2,2,2,2,2,2,2,0,2,2,0,0,0,2,2,2,2,0
2021-03-17,381,2,0,1,2,0,2,2,2,2,2,2,0,0,2,2,2,2,2,2,2,2,0,2,2,0,0,0,2,2,2,2,0
2021-03-18,382,2,0,1,2,0,2,2,2,2,2,2,0,0,2,2,2,2,2,2,2,2,0,2,2,0,0,0,2,2,2,2,0
2021-03-19,383,2,0,1,2,0,2,2,2,2,2,2,0,0,2,2,2,2,2,2,2,2,0,2,2,0,0,0,2,2,2,2,0
2021-03-20,384,2,0,1,2,0,2,2,2,2,2,2,0,0,2,2,2,2,2,2,2,2,0,2,2,0,0,0,2,2,2,2,0
2021-03-21,385,2,0,1,2,0,2,2,2,2,2,2,0,0,2,2,2,2,2,2,2,2,0,2,2,0,0,0,2,2,2,2,0
2021-03-22,386,2,0,1,2,0,2,2,2,2,2,2,0,0,2,2,2,2,2,2,2,2,0,2,2,0,0,0,2,2,2,2,0
2021-03-23,387,2,0,1,2,0,2,2,2,2,2,2,0,0,2,2,2,2,2,2,2,2,0,2,2,0,0,0,2,2,2,2,0
2021-03-24,388,2,0,1,2,0,2,2,2,2,2,2,0,0,2,2,2,2,2,2,2,2,0,2,2,0,0,0,2,2,2,2,0
2021-03-25,389,2,0,1,2,0,2,2,2,2,2,2,0,0,2,2,2,2,2,2,2,2,0,2,2,0,0,0,2,2,2,2,0
2021-03-26,390,2,0,1,2,0,2,2,2,2,2,2,0,0,2,2,2,2,2,2,2,2,0,2,2,0,0,0,2,2,2,2,0
2021-03-27,391,2,0,1,2,0,2,2,2,2,2,2,0,0,2,2,2,2,2,2,2,2,0,2,2,0,0,0,2,2,2,2,0
2021-03-28,392,2,0,1,2,0,2,2,2,2,2,2,0,0,2,2,2,2,2,2,2,2,0,2,2,0,0,0,2,2,2,2,0
2021-03-29,393,2,0,1,2,0,2,2,2,2,2,2,0,0,2,2,2,2,2,2,2,2,0,2,2,0,0,0,2,2,2,2,0
2021-03-30,394,2,0,1,2,0,2,2,2,2,2,2,0,0,2,2,2,2,2,2,2,2,0,2,2,0,0,0,2,2,2,2,0
2021-03-31,395,2,0,1,2,0,2,2,2,2,2,2,0,0,2,2,2,2,2,2,2,2,0,2,2,0,0,0,2,2,0,2,0
2021-04-01,396,2,0,1,2,0,2,2,2,2,2,2,0,0,2,2,2,2,2,2,2,2,0,2,2,0,0,0,2,2,0,2,0
2021-04-02,397,2,0,1,2,0,2,2,2,2,2,2,0,0,2,2,2,2,2,2,2,2,0,2,2,0,0,0,2,2,0,2,0
2021-04-03,398,2,0,1,2,0,2,2,2,2,2,2,0,0,2,2,2,2,2,2,2,2,0,2,2,0,0,0,2,2,0,2,0
2021-04-04,399,2,0,1,2,0,2,2,2,2,2,2,0,0,2,2,2,2,2,2,2,2,0,2,2,0,0,0,2,2,0,2,0
2021-04-05,400,2,0,1,2,0,2,2,2,2,2,2,0,0,2,2,2,2,2,2,2,2,0,2,2,0,0,0,2,2,0,2,0
2021-04-06,401,2,0,1,2,0,2,2,2,2,2,2,0,0,2,2,2,2,2,2,2,2,0,2,2,0,0,0,2,2,0,2,0
2021-04-07,402,2,0,1,2,0,2,2,2,2,2,2,0,0,2,2,2,2,2,2,2,2,0,2,2,0,0,0,2,2,0,2,0
2021-04-08,403,2,0,1,2,0,2,2,2,2,2,2,0,0,2,2,2,2,2,2,2,2,0,2,2,0,0,0,2,2,0,2,0
2021-04-09,404,2,0,1,2,0,2,2,2,2,2,2,0,0,2,2,2,2,2,2,2,2,0,2,2,0,0,0,2,2,0,2,0
2021-04-10,405,2,0,1,2,0,2,2,2,2,2,2,0,0,2,2,2,2,2,2,2,2,0,2,2,0,0,0,2,2,0,2,0
2021-04-11,406,2,0,1,2,0,2,2,2,2,2,2,0,0,2,2,2,2,2,2,2,2,0,2,2,0,0,0,2,2,0,2,0
2021-04-12,407,0,0,1,2,0,2,2,2,2,2,2,0,0,2,2,2,2,2,2,0,0,0,2,2,0,0,0,2,2,0,2,0
2021-04-13,408,0,0,1,2,0,2,2,2,2,2,2,0,0,2,2,2,2,2,2,0,0,0,2,2,0,0,0,2,2,0,2,0
2021-04-14,409,0,0,1,2,0,2,2,2,2,2,2,0,0,2,2,2,2,2,2,0,0,0,2,2,0,0,0,2,2,0,2,0
2021-04-15,410,0,0,1,2,0,2,2,2,2,2,2,0,0,2,2,2,2,2,2,0,0,0,2,2,0,0,0,2,2,0,2,0
2021-04-16,411,0,0,1,2,0,2,2,2,2,2,2,0,0,2,2,2,2,2,2,0,0,0,2,2,0,0,0,2,2,0,2,0
2021-04-17,412,0,0,1,2,0,2,2,2,2,2,2,0,0,2,2,2,2,2,2,0,0,0,2,2,0,0,0,2,2,0,2,0
2021-04-18,413,0,0,1,2,0,2,2,2,2,2,2,0,0,2,2,2,2,2,2,0,0,0,2,2,0,0,0,2,2,0,2,0
2021-04-19,414,0,0,1,2,0,2,2,2,2,2,2,0,0,2,2,2,2,2,2,0,0,0,2,2,0,0,0,2,2,0,2,0
2021-04-20,415,0,0,1,2,0,2,2,2,2,2,2,0,0,2,2,2,2,2,2,0,0,0,2,2,0,0,0,2,2,0,2,0
2021-04-21,416,0,0,1,2,0,2,2,2,2,2,2,0,0,2,2,2,2,2,2,0,0,0,2,2,0,0,0,2,2,0,2,0
2021-04-22,417,0,0,1,2,0,2,2,2,2,2,2,0,0,2,2,2,2,2,2,0,0,0,2,2,0,0,0,2,2,0,2,0
2021-04-23,418,0,0,1,2,0,2,2,2,2,2,2,0,0,2,2,2,2,2,2,0,0,0,2,2,0,0,0,2,2,0,2,0
2021-04-24,419,0,0,1,2,0,2,2,2,2,2,2,0,0,2,2,2,2,2,2,0,0,0,2,2,0,0,0,2,2,0,2,0
2021-04-25,420,0,0,1,2,0,2,2,2,2,2,2,0,0,2,2,2,2,2,2,0,0,0,2,2,0,0,0,2,2,0,2,0
2021-04-26,421,0,0,1,2,0,2,1,2,2,2,2,0,0,2,2,2,0,2,0,0,0,0,2,2,0,0,0,0,0,0,2,0
2021-04-27,422,0,0,1,2,0,2,1,2,2,2,2,0,0,2,2,2,0,2,0,0,0,0,2,2,0,0,0,0,0,0,2,0
2021-04-28,423,0,0,1,2,0,2,1,2,2,2,2,0,0,2,2,2,0,2,0,0,0,0,2,2,0,0,0,0,0,0,2,0
2021-04-29,424,0,0,1,2,0,2,1,2,2,2,2,0,0,2,2,2,0,2,0,0,0,0,2,2,0,0,0,0,0,0,2,0
2021-04-30,425,0,0,1,2,0,2,1,2,2,2,2,0,0,2,2,2,0,2,0,0,0,0,2,2,0,0,0,0,0,0,2,0
2021-05-01,426,0,0,1,2,0,2,1,2,2,2,2,0,0,2,2,2,0,2,0,0,0,0,2,2,0,0,0,0,0,0,2,0
2021-05-02,427,0,0,1,2,0,2,1,2,2,2,2,0,0,2,2,2,0,2,0,0,0,0,2,2,0,0,0,0,0,0,2,0
2021-05-03,428,0,0,1,2,0,2,1,2,2,2,2,0,0,2,2,2,0,2,0,0,0,0,2,2,0,0,0,0,0,0,2,0
2021-05-04,429,0,0,1,2,0,2,1,2,2,2,2,0,0,2,2,2,0,2,0,0,0,0,2,2,0,0,0,0,0,0,2,0
2021-05-05,430,0,0,1,2,0,2,1,2,2,2,2,0,0,2,2,2,0,2,0,0,0,0,2,2,0,0,0,0,0,0,2,0
2021-05-06,431,0,0,1,2,0,2,1,2,2,2,2,0,0,2,2,2,0,2,0,0,0,0,2,2,0,0,0,0,0,0,2,0
2021-05-07,432,0,0,1,2,0,2,1,2,2,2,2,0,0,2,2,2,0,2,0,0,0,0,2,2,0,0,0,0,0,0,2,0
2021-05-08,433,0,0,1,2,0,2,1,2,2,2,2,0,0,2,2,2,0,2,0,0,0,0,2,2,0,0,0,0,0,0,2,0
2021-05-09,434,0,0,1,2,0,2,1,2,2,2,2,0,0,2,2,2,0,2,0,0,0,0,2,2,0,0,0,0,0,0,2,0
2021-05-10,435,0,0,1,2,0,1,1,1,2,2,2,0,0,2,2,2,0,2,0,0,0,0,2,2,0,0,0,0,0,0,2,0
2021-05-11,436,0,0,1,2,0,1,1,1,2,2,2,0,0,2,2,2,0,2,0,0,0,0,2,2,0,0,0,0,0,0,0,0
2021-05-12,437,0,0,1,2,0,1,1,1,2,2,2,0,0,2,2,2,0,2,0,0,0,0,2,2,0,0,0,0,0,0,0,0
2021-05-13,438,0,0,1,2,0,1,1,1,2,2,2,0,0,2,2,2,0,2,0,0,0,0,2,2,0,0,0,0,0,0,0,0
2021-05-14,439,0,0,1,2,0,1,1,1,2,2,2,0,0,2,2,2,0,2,0,0,0,0,2,2,0,0,0,0,0,0,0,0
2021-05-15,440,0,0,1,2,0,1,1,1,2,2,2,0,0,2,2,2,0,2,0,0,0,0,2,2,0,0,0,0,0,0,0,0
2021-05-16,441,0,0,1,2,0,1,1,1,2,2,2,0,0,2,2,2,0,2,0,0,0,0,2,2,0,0,0,0,0,0,0,0
2021-05-17,442,0,0,1,2,0,1,1,1,2,2,2,0,0,2,2,2,0,2,0,0,0,0,2,2,0,0,0,0,0,0,0,0
2021-05-18,443,0,0,1,2,0,1,1,1,2,2,2,0,0,2,2,2,0,2,0,0,0,0,2,2,0,0,0,0,0,0,0,0
2021-05-19,444,0,0,1,2,0,1,1,1,2,2,2,0,0,2,2,2,0,2,0,0,0,0,2,2,0,0,0,0,0,0,0,0
2021-05-20,445,0,0,1,2,0,1,1,1,2,2,2,0,0,2,2,2,0,2,0,0,0,0,2,2,0,0,0,0,0,0,0,0
2021-05-21,446,0,0,1,2,0,1,1,1,2,2,2,0,0,2,2,2,0,2,0,0,0,0,2,2,0,0,0,0,0,0,0,0
2021-05-22,447,0,0,1,2,0,1,1,1,2,2,2,0,0,2,2,2,0,2,0,0,0,0,2,2,0,0,0,0,0,0,0,0
2021-05-23,448,0,0,1,2,0,1,1,1,2,2,2,0,0,2,2,2,0,2,0,0,0,0,2,2,0,0,0,0,0,0,0,0
2021-05-24,449,0,0,1,2,0,1,1,1,2,2,2,0,0,2,2,2,0,2,2,0,0,0,2,2,0,0,0,0,0,0,0,0
2021-05-25,450,0,0,1,2,0,1,1,1,2,2,2,0,0,2,2,2,0,2,2,0,0,0,2,2,0,0,0,0,0,0,0,0
2021-05-26,451,0,0,1,2,0,1,1,1,2,2,2,0,0,2,2,2,0,2,2,0,0,0,2,2,0,0,0,0,0,0,0,0
2021-05-27,452,0,0,1,2,0,1,1,1,2,2,2,0,0,2,2,2,0,2,2,0,0,0,2,2,0,0,0,0,0,0,0,0
2021-05-28,453,0,0,1,2,0,1,1,1,2,2,2,0,0,2,2,2,0,2,2,0,0,0,2,2,0,0,0,0,0,0,0,0
2021-05-29,454,0,0,1,2,0,1,1,1,2,2,2,0,0,2,2,2,0,2,2,0,0,0,2,2,0,0,0,0,0,0,0,0
2021-05-30,455,0,0,1,2,0,1,1,1,2,2,2,0,0,2,2,2,0,2,2,0,0,0,2,2,0,0,0,0,0,0,0,0
2021-05-31,456,0,0,1,2,0,1,1,1,2,2,2,0,0,2,2,2,0,2,2,0,0,0,2,2,0,0,0,0,0,0,0,0
2021-06-01,457,0,0,1,2,0,1,1,1,2,2,2,0,0,2,2,2,0,2,2,0,0,0,2,2,0,0,0,0,0,0,0,0
2021-06-02,458,0,0,1,2,0,1,1,1,2,2,2,0,0,2,2,2,0,2,2,0,0,0,2,2,0,0,0,0,0,0,0,0
2021-06-03,459,0,0,1,2,0,1,1,1,2,2,2,0,0,2,2,2,0,2,2,0,0,0,2,2,0,0,0,0,0,0,0,0
2021-06-04,460,0,0,1,2,0,1,1,1,2,2,2,0,0,2,2,2,0,2,2,0,0,0,2,2,0,0,0,0,0,0,0,0
2021-06-05,461,0,0,1,2,0,1,1,1,2,2,2,0,0,2,2,2,0,2,2,0,0,0,2,2,0,0,0,0,0,0,0,0
2021-06-06,462,0,0,1,2,0,1,1,1,2,2,2,0,0,2,2,2,0,2,2,0,0,0,2,2,0,0,0,0,0,0,0,0
2021-06-07,463,0,0,1,2,0,1,1,1,2,2,2,0,0,2,2,2,0,2,2,0,0,0,2,2,0,0,0,0,0,0,0,0
2021-06-08,464,0,0,1,2,0,1,1,1,2,2,2,0,0,2,2,2,0,2,2,0,0,0,2,2,0,0,0,0,0,0,0,0
2021-06-09,465,0,0,1,2,0,1,1,1,2,2,2,0,0,2,2,2,0,2,2,0,0,0,2,2,0,0,0,0,0,0,0,0
2021-06-10,466,0,0,1,2,0,1,1,1,2,2,2,0,0,2,2,2,0,2,2,0,0,0,2,2,0,0,0,0,0,0,0,0
2021-06-11,467,0,0,1,2,0,1,1,1,2,2,2,0,0,2,2,2,0,2,2,0,0,0,2,2,0,0,0,0,0,0,0,0
2021-06-12,468,0,0,1,2,0,1,1,1,2,2,2,0,0,2,2,2,0,2,2,0,0,0,2,2,0,0,0,0,0,0,0,0
2021-06-13,469,0,0,1,2,0,1,1,1,2,2,2,0,0,2,2,2,0,2,2,0,0,0,2,2,0,0,0,0,0,0,0,0
2021-06-14,470,0,0,1,2,0,1,1,1,2,2,2,0,0,2,2,2,0,2,2,0,0,0,2,2,0,0,0,0,0,0,0,0
2021-06-15,471,0,0,1,2,0,1,1,1,2,2,2,0,0,2,2,2,0,2,2,0,0,0,2,2,0,0,0,0,0,0,0,0
2021-06-16,472,0,0,1,2,0,1,1,1,2,2,2,0,0,2,2,2,0,2,2,0,0,0,2,2,0,0,0,0,0,0,0,0
2021-06-17,473,0,0,1,2,0,1,1,1,2,2,2,0,0,2,2,2,0,2,2,0,0,0,2,2,0,0,0,0,0,0,0,0
2021-06-18,474,0,0,1,2,0,1,1,1,2,2,2,0,0,2,2,2,0,2,2,0,0,0,2,2,0,0,0,0,0,0,0,0
2021-06-19,475,0,0,1,2,0,1,1,1,2,2,2,0,0,2,2,2,0,2,2,0,0,0,2,2,0,0,0,0,0,0,0,0
2021-06-20,476,0,0,1,2,0,1,1,1,2,2,2,0,0,2,2,2,0,2,2,0,0,0,2,2,0,0,0,0,0,0,0,0
2021-06-21,477,0,0,1,2,0,1,1,1,2,2,2,0,0,2,2,2,0,2,2,0,0,0,2,2,0,0,0,0,0,0,0,0
2021-06-22,478,0,0,1,2,0,1,1,1,2,2,2,0,0,2,2,2,0,2,2,0,0,0,2,2,0,0,0,0,0,0,0,0
2021-06-23,479,0,0,1,2,0,1,1,1,2,2,2,0,0,2,2,2,0,2,2,0,0,0,2,2,0,0,0,0,0,0,0,0
2021-06-24,480,0,0,1,2,0,1,1,1,2,2,2,0,0,2,2,2,0,2,2,0,0,0,2,2,0,0,0,0,0,0,0,0
2021-06-25,481,0,0,1,2,0,1,1,1,2,2,2,0,0,2,2,2,0,2,2,0,0,0,2,2,0,0,0,0,0,0,0,0
2021-06-26,482,0,0,1,2,0,1,1,1,2,2,2,0,0,2,2,2,0,2,2,0,0,0,2,2,0,0,0,0,0,0,0,0
2021-06-27,483,0,0,1,2,0,1,1,1,2,2,2,0,0,2,2,2,0,2,2,0,0,0,2,2,0,0,0,0,0,0,0,0
2021-06-28,484,0,0,1,2,0,1,0,1,2,2,2,0,0,2,2,2,0,2,2,0,0,0,2,2,0,0,0,0,0,0,0,0
2021-06-29,485,0,0,1,2,0,1,0,1,2,2,2,0,0,2,2,2,0,2,2,0,0,0,2,2,0,0,0,0,0,0,0,0
2021-06-30,486,0,0,1,2,0,1,0,1,2,2,2,0,0,2,2,2,0,2,2,0,0,0,2,2,0,0,0,0,0,0,0,0
2021-07-01,487,0,0,1,2,0,1,0,1,2,2,2,0,0,2,2,2,0,2,2,0,0,0,1,2,0,0,0,0,0,0,0,0
2021-07-02,488,0,0,1,2,0,1,0,1,2,2,2,0,0,2,2,2,0,2,2,0,0,0,1,2,0,0,0,0,0,0,0,0
2021-07-03,489,0,0,1,2,0,1,0,1,2,2,2,0,0,2,2,2,0,2,2,0,0,0,1,2,0,0,0,0,0,0,0,0
2021-07-04,490,0,0,1,2,0,1,0,1,2,2,2,0,0,2,2,2,0,2,2,0,0,0,1,2,0,0,0,0,0,0,0,0
2021-07-05,491,0,0,1,2,0,1,0,1,2,2,2,0,0,2,2,2,0,2,2,0,0,0,1,2,0,0,0,2,0,0,0,0
2021-07-06,492,0,0,1,2,0,1,0,1,2,2,2,0,0,2,2,2,0,2,2,0,0,0,1,2,0,0,0,2,0,0,0,0
2021-07-07,493,0,0,1,2,0,1,0,1,2,2,2,0,0,2,2,2,0,2,2,0,0,0,1,2,0,0,0,2,0,0,0,0
2021-07-08,494,0,0,1,2,0,1,0,1,2,2,2,0,0,2,2,2,0,2,2,0,0,0,1,2,0,0,0,2,0,0,0,0
2021-07-09,495,0,0,1,2,0,1,0,1,2,2,2,0,0,2,2,2,0,2,2,0,0,0,1,2,0,0,0,2,0,0,0,0
2021-07-10,496,0,0,1,2,0,1,0,1,2,2,2,0,0,2,2,2,0,2,2,0,0,0,1,2,0,0,0,2,0,0,0,0
2021-07-11,497,0,0,1,2,0,1,0,1,2,2,2,0,0,2,2,2,0,2,2,0,0,0,1,2,0,0,0,2,0,0,0,0
2021-07-12,498,0,0,1,2,0,1,0,1,2,2,2,0,0,2,2,2,0,2,2,0,0,0,1,2,0,0,0,2,0,0,0,0
2021-07-13,499,0,0,1,2,0,1,0,1,2,2,2,0,0,2,2,2,0,2,2,0,0,0,1,2,0,0,0,2,0,0,0,0
2021-07-14,500,0,0,1,2,0,1,0,1,2,2,2,0,0,2,2,2,0,1,2,0,0,0,1,2,0,0,0,2,0,0,0,0
2021-07-15,501,0,0,1,2,0,1,0,1,2,2,2,0,0,2,2,2,0,1,2,0,0,0,1,2,0,0,0,2,0,0,0,0
2021-07-16,502,0,0,1,2,0,1,0,1,2,2,2,0,0,2,2,2,0,1,2,0,0,0,1,2,0,0,0,2,0,0,0,0
2021-07-17,503,0,0,1,2,0,1,0,1,2,2,2,0,0,2,2,2,0,1,2,0,0,0,1,2,0,0,0,2,0,0,0,0
2021-07-18,504,0,0,1,2,0,1,0,1,2,2,2,0,0,2,2,2,0,1,2,0,0,0,1,2,0,0,0,2,0,0,0,0
2021-07-19,505,0,0,1,2,0,1,0,1,2,2,2,0,0,2,2,2,0,1,2,0,0,0,1,2,2,0,0,0,0,0,0,0
2021-07-20,506,0,0,1,2,0,1,0,1,2,2,2,0,0,2,2,2,0,1,2,0,0,0,1,2,2,0,0,0,0,0,0,0
2021-07-21,507,0,0,1,2,0,1,0,1,2,2,2,0,0,2,2,2,0,1,2,0,0,0,1,2,2,0,0,0,0,0,0,0
2021-07-22,508,0,0,1,2,0,1,0,1,2,2,2,0,0,2,2,2,0,1,2,0,0,0,1,2,2,0,0,0,0,0,0,0
2021-07-23,509,0,0,1,2,0,1,0,1,2,2,2,0,0,2,2,2,0,1,2,0,0,0,1,2,2,0,0,0,0,0,0,0
2021-07-24,510,0,0,1,2,0,1,0,1,2,2,2,0,0,2,2,2,0,1,2,0,0,0,1,2,2,0,0,0,0,0,0,0
2021-07-25,511,0,0,1,2,0,1,0,1,2,2,2,0,0,2,2,2,0,1,2,0,0,0,1,2,2,0,0,0,0,0,0,0
2021-07-26,512,0,0,1,2,0,1,0,1,2,2,2,0,0,2,2,2,0,1,2,0,0,0,1,2,2,0,0,0,0,0,0,0
2021-07-27,513,0,0,1,2,0,1,0,1,2,2,2,0,0,2,2,1,0,1,2,0,0,0,1,2,2,0,0,0,0,0,0,0
2021-07-28,514,0,0,1,2,0,1,0,1,2,2,2,0,0,2,2,1,0,1,2,0,0,0,1,2,2,0,0,0,0,0,0,0
2021-07-29,515,0,0,1,2,0,1,0,1,2,2,2,0,0,2,2,1,0,1,2,0,0,0,1,2,2,0,0,0,0,0,0,0
2021-07-30,516,0,0,1,2,0,1,0,1,2,2,2,0,0,2,2,1,0,1,2,0,0,0,1,2,2,0,0,0,0,0,0,0
2021-07-31,517,0,0,1,2,0,1,0,1,2,2,2,0,0,2,2,1,0,1,2,0,0,0,1,2,2,0,0,0,0,0,0,0
2021-08-01,518,0,0,1,2,0,1,0,1,2,2,2,0,0,2,2,1,0,1,2,0,0,0,1,2,2,0,0,0,0,0,0,0
2021-08-02,519,0,0,1,2,0,1,0,1,2,2,2,0,0,2,2,1,0,1,2,0,0,0,1,2,2,0,0,0,0,0,0,0
2021-08-03,520,0,0,1,2,0,1,0,1,2,2,2,0,0,2,2,1,0,1,2,0,0,0,1,2,2,0,0,0,0,0,0,0
2021-08-04,521,0,0,1,2,0,1,0,1,2,2,2,0,0,2,2,1,0,1,2,0,0,0,1,2,2,0,0,0,0,0,0,0
2021-08-05,522,0,0,1,2,0,1,0,1,2,2,2,0,0,2,2,1,0,1,2,0,0,0,1,2,2,0,0,0,0,0,0,0
2021-08-06,523,0,0,1,2,0,1,0,1,2,2,2,0,0,2,2,1,0,1,2,0,0,0,1,2,2,0,0,0,0,0,0,0
2021-08-07,524,0,0,1,2,0,1,0,1,2,2,2,0,0,2,2,1,0,1,2,0,0,0,1,2,2,0,0,0,0,0,0,0
2021-08-08,525,0,0,1,2,0,1,0,1,2,2,2,0,0,2,2,1,0,1,2,0,0,0,1,2,2,0,0,0,0,0,0,0
2021-08-09,526,0,0,1,2,0,1,0,1,2,2,2,0,0,2,2,1,0,1,2,0,0,0,1,2,2,0,0,0,0,0,0,0
2021-08-10,527,0,0,1,2,0,1,0,1,2,2,2,0,0,2,2,1,0,1,2,0,0,0,1,2,2,0,0,0,0,0,0,0
2021-08-11,528,0,0,1,2,0,1,0,1,2,2,2,0,0,2,2,1,0,1,2,0,0,0,1,2,2,0,0,0,0,0,0,0
2021-08-12,529,0,0,1,2,0,1,0,1,2,2,2,0,0,2,2,1,0,1,2,0,0,0,1,2,2,0,0,0,0,0,0,0
2021-08-13,530,0,0,1,2,0,1,0,1,2,2,2,0,0,2,2,1,0,1,2,0,0,0,1,2,2,0,0,0,0,0,0,0
2021-08-14,531,0,0,1,2,0,1,0,1,2,2,2,0,0,2,2,1,0,1,2,0,0,0,1,2,2,0,0,0,0,0,0,0
2021-08-15,532,0,0,1,2,0,1,0,1,2,2,2,0,0,2,2,1,0,1,2,0,0,0,1,2,2,0,0,0,0,0,0,0
2021-08-16,533,0,0,1,2,0,1,0,1,2,2,1,0,0,2,2,1,0,1,2,0,0,0,1,2,2,0,0,0,0,0,0,0
2021-08-17,534,0,0,1,2,0,1,0,1,2,2,1,0,0,2,2,1,0,1,2,0,0,0,1,2,2,0,0,0,0,0,0,0
2021-08-18,535,0,0,1,2,0,1,0,1,2,2,1,0,0,2,2,1,0,1,2,0,0,0,1,2,2,0,0,0,0,0,0,0
2021-08-19,536,0,0,1,2,0,1,0,1,2,2,1,0,0,2,2,1,0,1,2,0,0,0,1,2,2,0,0,0,0,0,0,0
2021-08-20,537,0,0,1,2,0,1,0,1,2,2,1,0,0,2,2,1,0,1,2,0,0,0,1,2,2,0,0,0,0,0,0,0
2021-08-21,538,0,0,1,2,0,1,0,1,2,2,1,0,0,2,2,1,0,1,2,0,0,0,1,2,2,0,0,0,0,0,0,0
2021-08-22,539,0,0,1,2,0,1,0,1,2,2,1,0,0,2,2,1,0,1,2,0,0,0,1,2,2,0,0,0,0,0,0,0
2021-08-23,540,0,0,1,2,0,1,0,1,2,2,1,0,0,2,2,1,0,1,2,0,0,0,1,2,2,0,0,0,0,0,0,0
2021-08-24,541,0,0,1,2,0,1,0,1,2,2,1,0,0,2,2,1,0,1,2,0,0,0,1,2,2,0,0,0,0,0,0,0
2021-08-25,542,0,0,1,2,0,1,0,1,2,2,1,0,0,2,2,1,0,1,2,0,0,0,1,2,2,0,0,0,0,0,0,0
2021-08-26,543,0,0,1,2,0,1,0,1,2,2,1,0,0,2,2,1,0,1,2,0,0,0,1,2,2,0,0,0,0,0,0,0
2021-08-27,544,0,0,1,2,0,1,0,1,2,2,1,0,0,2,2,1,0,1,2,0,0,0,1,2,2,0,0,0,0,0,0,0
2021-08-28,545,0,0,1,2,0,1,0,1,2,2,1,0,0,2,2,1,0,1,2,0,0,0,1,2,2,0,0,0,0,0,0,0
2021-08-29,546,0,0,1,2,0,1,0,1,2,2,1,0,0,2,2,1,0,1,2,0,0,0,1,2,2,0,0,0,0,0,0,0
2021-08-30,547,0,0,1,2,0,1,0,1,2,2,1,0,0,2,2,1,0,1,2,0,0,0,1,2,2,0,0,0,0,0,0,0
2021-08-31,548,0,0,1,2,0,1,0,1,2,2,1,0,0,2,2,1,0,1,2,0,0,0,1,2,2,0,0,0,0,0,0,0
2021-09-01,549,0,0,1,2,0,1,0,1,2,2,1,0,0,2,2,1,0,1,2,0,0,0,1,2,2,0,0,0,0,0,0,0
2021-09-02,550,0,0,1,2,0,1,0,1,2,2,1,0,0,2,2,1,0,1,2,0,0,0,1,2,2,0,0,0,0,0,0,0
2021-09-03,551,0,0,1,2,0,1,0,1,2,2,1,0,0,2,2,1,0,1,2,0,0,0,1,2,2,0,0,0,0,0,0,0
2021-09-04,552,0,0,1,2,0,1,0,1,2,2,1,0,0,2,2,1,0,1,2,0,0,0,1,2,2,0,0,0,0,0,0,0
2021-09-05,553,0,0,1,2,0,1,0,1,2,2,1,0,0,2,2,1,0,1,2,0,0,0,1,2,2,0,0,0,0,0,0,0
2021-09-06,554,0,0,1,2,0,1,0,1,2,2,1,0,0,2,2,1,0,1,2,0,0,0,1,2,2,0,0,0,0,0,0,0
2021-09-07,555,0,0,1,2,0,1,0,1,2,2,1,0,0,2,2,1,0,1,2,0,0,0,1,2,2,0,0,0,0,0,0,0
2021-09-08,556,0,0,1,2,0,1,0,1,2,2,1,0,0,2,2,1,0,1,2,0,0,0,1,2,2,0,0,0,0,0,0,0
2021-09-09,557,0,0,1,2,0,1,0,1,2,2,1,0,0,2,2,1,0,1,2,0,0,0,1,2,2,0,0,0,0,0,0,0
2021-09-10,558,0,0,1,2,0,1,0,1,2,2,1,0,0,2,2,1,0,1,2,0,0,0,1,2,2,0,0,0,0,0,0,0
2021-09-11,559,0,0,1,2,0,1,0,1,2,2,1,0,0,2,2,1,0,1,2,0,0,0,1,2,2,0,0,0,0,0,0,0
2021-09-12,560,0,0,1,2,0,1,0,1,2,2,1,0,0,2,2,1,0,1,2,0,0,0,1,2,2,0,0,0,0,0,0,0
2021-09-13,561,0,0,1,2,0,1,0,1,2,2,1,0,0,2,2,1,0,1,2,0,0,0,1,2,2,0,0,0,0,0,0,0
2021-09-14,562,0,0,1,2,0,1,0,1,2,2,1,0,0,2,2,1,0,1,2,0,0,0,1,2,2,0,0,0,0,0,0,0
2021-09-15,563,0,0,1,2,0,1,0,1,2,2,1,0,0,2,2,1,0,1,2,0,0,0,1,2,2,0,0,0,0,0,0,0
2021-09-16,564,0,0,1,2,0,1,0,1,2,2,1,0,0,2,2,1,0,1,2,0,0,0,1,2,2,0,0,0,0,0,0,0
2021-09-17,565,0,0,2,2,0,1,0,1,2,2,1,0,0,2,2,1,0,1,2,0,0,0,1,2,2,0,0,0,0,0,0,0
2021-09-18,566,0,0,2,2,0,1,0,1,2,2,1,0,0,2,2,1,0,1,2,0,0,0,1,2,2,0,0,0,0,0,0,0
2021-09-19,567,0,0,2,2,0,1,0,1,2,2,1,0,0,2,2,1,0,1,2,0,0,0,1,2,2,0,0,0,0,0,0,0
2021-09-20,568,0,0,2,2,0,1,0,1,2,2,1,0,0,2,2,1,0,1,2,0,0,0,1,2,2,0,0,0,0,0,0,0
2021-09-21,569,0,0,2,2,0,1,0,1,2,2,1,0,0,2,2,1,0,1,2,0,0,0,1,2,2,0,0,0,0,0,0,0
2021-09-22,570,0,0,2,2,0,1,0,1,2,2,1,0,0,2,2,1,0,1,2,0,0,0,1,2,2,0,0,0,0,0,0,0
2021-09-23,571,0,0,2,2,0,1,0,1,2,2,1,0,0,2,2,1,0,1,2,0,0,0,1,2,2,0,0,0,0,0,0,0
2021-09-24,572,0,0,2,2,0,1,0,1,2,2,1,0,0,2,2,1,0,1,2,0,0,0,1,2,2,0,0,0,0,0,0,0
2021-09-25,573,0,0,2,2,0,1,0,1,2,2,1,0,0,2,2,1,0,1,2,0,0,0,1,2,2,0,0,0,0,0,0,0
2021-09-26,574,0,0,2,2,0,1,0,1,2,2,1,0,0,2,2,1,0,1,2,0,0,0,1,2,2,0,0,0,0,0,0,0
2021-09-27,575,0,0,2,2,0,1,0,1,2,2,1,0,0,2,2,1,0,1,2,0,0,0,1,2,2,0,0,0,0,0,0,0
2021-09-28,576,0,0,2,2,0,1,0,1,2,2,1,0,0,2,2,1,0,1,2,0,0,0,1,2,2,0,0,0,0,0,0,0
2021-09-29,577,0,0,2,2,0,1,0,1,2,2,1,0,0,2,2,1,0,1,2,0,0,0,1,2,2,0,0,0,0,0,0,0
2021-09-30,578,0,0,2,2,0,1,0,1,2,2,1,0,0,2,2,1,0,1,2,0,0,0,1,2,2,0,0,0,0,0,0,0
2021-10-01,579,0,0,2,2,0,1,0,1,2,2,1,0,0,2,2,1,0,1,2,0,0,0,1,2,2,0,0,0,0,0,0,0
2021-10-02,580,0,0,2,2,0,1,0,1,2,2,1,0,0,2,2,1,0,1,2,0,0,0,1,2,2,0,0,0,0,0,0,0
2021-10-03,581,0,0,2,2,0,1,0,1,2,2,1,0,0,2,2,1,0,1,2,0,0,0,1,2,2,0,0,0,0,0,0,0
2021-10-04,582,0,0,2,2,0,1,0,1,2,2,1,0,0,2,2,1,0,1,2,0,0,0,1,2,2,0,0,0,0,0,0,0
2021-10-05,583,0,0,2,2,0,1,0,1,2,2,1,0,0,2,2,1,0,1,2,0,0,0,1,2,2,0,0,0,0,0,0,0
2021-10-06,584,0,0,2,2,0,1,0,1,2,2,1,0,0,2,2,1,0,1,2,0,0,0,1,2,2,0,0,0,0,0,0,0
2021-10-07,585,0,0,2,2,0,1,0,1,2,2,1,0,0,2,2,1,0,1,2,0,0,0,1,2,2,0,0,0,0,0,0,0
2021-10-08,586,0,0,2,2,0,1,0,1,2,2,1,0,0,2,2,1,0,1,2,0,0,0,1,2,2,0,0,0,0,0,0,0
2021-10-09,587,0,0,2,2,0,1,0,1,2,2,1,2,0,2,2,1,0,1,2,0,0,0,1,2,2,0,0,0,0,0,0,0
2021-10-10,588,0,0,2,2,0,1,0,1,2,2,1,2,0,2,2,1,0,1,2,0,0,0,1,2,2,0,0,0,0,0,0,0
2021-10-11,589,0,0,2,2,0,1,0,1,2,2,1,2,0,2,2,1,0,1,2,0,0,0,1,2,2,0,0,0,0,0,0,0
2021-10-12,590,0,0,2,2,0,1,0,1,2,2,1,2,0,2,2,1,0,1,2,0,0,0,1,2,2,0,0,0,0,0,0,0
2021-10-13,591,0,0,2,2,0,1,0,1,2,2,1,2,0,2,2,1,0,1,2,0,0,0,1,2,2,0,0,0,0,0,0,0
2021-10-14,592,0,0,2,2,0,1,0,1,2,2,1,2,0,2,2,1,0,1,2,0,0,0,1,2,2,0,0,0,0,0,0,0
2021-10-15,593,0,0,2,2,0,1,0,1,2,2,1,2,0,2,2,1,0,1,2,0,0,0,1,2,2,0,0,0,0,0,0,0
2021-10-16,594,0,0,2,2,0,1,0,1,2,2,1,2,0,2,2,1,0,1,2,0,0,0,1,2,2,0,0,0,0,0,0,0
2021-10-17,595,0,0,2,2,0,1,0,1,2,2,1,2,0,2,2,1,0,1,2,0,0,0,1,2,2,0,0,0,0,0,0,0
2021-10-18,596,0,0,2,2,0,1,0,1,2,2,1,2,0,2,2,1,0,1,2,0,0,0,1,2,2,0,0,0,0,0,0,0
2021-10-19,597,0,0,2,2,0,1,0,1,2,2,1,2,0,2,2,1,0,1,2,0,0,0,1,2,2,0,0,0,0,0,0,0
2021-10-20,598,0,0,2,2,0,1,0,1,2,2,1,2,0,2,2,1,0,1,2,0,0,0,1,2,2,0,0,0,0,0,0,0
2021-10-21,599,0,0,2,2,0,1,0,1,2,2,1,2,0,2,2,1,0,1,2,0,0,0,1,2,2,0,0,0,0,0,0,0
2021-10-22,600,0,0,2,2,0,1,0,1,2,2,1,2,0,2,2,1,0,1,2,0,0,0,1,2,2,0,0,0,0,0,0,0
2021-10-23,601,0,0,2,2,0,1,0,1,2,2,1,2,0,2,2,1,0,1,2,0,0,0,1,2,2,0,0,0,0,0,0,0
2021-10-24,602,0,0,2,2,0,1,0,1,2,2,1,2,0,2,2,1,0,1,2,0,0,0,1,2,2,0,0,0,0,0,0,0
2021-10-25,603,0,0,2,2,0,1,0,1,2,2,1,2,0,2,2,1,0,1,2,0,0,0,1,2,2,0,0,0,0,0,0,0
2021-10-26,604,0,0,2,2,0,1,0,1,2,2,1,2,0,2,2,1,0,1,2,0,0,0,1,2,2,0,0,0,0,0,0,0
2021-10-27,605,0,0,2,2,0,1,0,1,2,2,1,2,0,2,2,1,0,1,2,0,0,0,1,2,2,0,0,0,0,0,0,0
2021-10-28,606,0,0,2,2,0,1,0,1,2,2,1,2,0,2,2,1,0,1,2,0,0,0,1,2,2,0,0,0,0,0,0,0
2021-10-29,607,0,0,2,2,0,1,0,1,2,2,1,2,0,2,2,1,0,1,2,0,0,0,1,2,2,0,0,0,0,0,0,0
2021-10-30,608,0,0,2,2,0,1,0,1,2,2,1,2,0,2,2,1,0,1,2,0,0,0,1,2,2,0,0,0,0,0,0,0
2021-10-31,609,0,0,2,2,0,1,0,1,2,2,1,2,0,2,2,1,0,1,2,0,0,0,1,2,2,0,0,0,0,0,0,0
2021-11-01,610,0,0,2,2,0,1,0,1,2,2,1,2,0,2,2,1,1,1,2,0,0,0,1,2,0,0,0,0,0,0,0,0
2021-11-02,611,0,0,2,2,0,1,0,1,2,2,1,2,0,2,2,1,1,1,2,0,0,0,1,2,0,0,0,0,0,0,0,0
2021-11-03,612,0,0,2,2,0,1,0,1,2,2,1,2,0,2,2,1,1,1,2,0,0,0,1,2,0,0,0,0,0,0,0,0
2021-11-04,613,0,0,2,2,0,1,0,1,2,2,1,2,0,2,2,1,1,1,2,0,0,0,1,2,0,0,0,0,0,0,0,0
2021-11-05,614,0,0,2,2,0,1,0,1,2,2,1,2,0,2,2,1,1,1,2,0,0,0,1,2,0,0,0,0,0,0,0,0
2021-11-06,615,0,0,2,2,0,1,0,1,2,2,1,2,0,2,2,1,1,1,2,0,0,0,1,2,0,0,0,0,0,0,0,0
2021-11-07,616,0,0,2,2,0,1,0,1,2,2,1,2,0,2,2,1,1,1,2,0,0,0,1,2,0,0,0,0,0,0,0,0
2021-11-08,617,0,0,2,2,0,1,0,1,2,2,1,2,0,2,2,1,1,1,2,0,0,0,1,2,0,0,0,0,0,0,0,0
2021-11-09,618,0,0,2,2,0,1,0,1,2,2,1,2,0,2,2,1,1,1,2,0,0,0,1,2,0,0,0,0,0,0,0,0
2021-11-10,619,0,0,2,2,0,1,0,1,2,2,1,2,0,2,2,1,1,1,2,0,0,0,1,2,0,0,0,0,0,0,0,0
2021-11-11,620,0,0,2,2,0,1,0,1,2,2,1,2,0,2,2,1,1,1,2,0,0,0,1,2,0,0,0,0,0,0,0,0
2021-11-12,621,0,0,2,2,0,1,0,1,2,2,1,2,0,2,2,1,1,1,2,0,0,0,1,2,0,0,0,0,0,0,0,0
2021-11-13,622,0,0,2,2,0,1,0,1,2,2,1,2,0,2,2,1,1,1,2,0,0,0,1,2,0,0,0,0,0,0,0,0
2021-11-14,623,0,0,2,2,0,1,0,1,2,2,1,2,0,2,2,1,1,1,2,0,0,0,1,2,0,0,0,0,0,0,0,0
2021-11-15,624,0,0,2,2,0,1,0,1,2,2,1,2,0,2,2,1,1,1,2,0,0,0,1,2,0,0,0,0,0,0,0,0
2021-11-16,625,0,0,2,2,0,1,0,1,2,2,1,2,0,2,2,1,1,1,2,0,0,0,1,2,0,0,0,0,0,0,0,0
2021-11-17,626,0,0,2,2,0,1,0,1,2,2,1,2,0,2,2,1,1,1,2,0,0,0,1,2,0,0,0,0,0,0,0,0
2021-11-18,627,0,0,2,2,0,1,0,1,2,2,1,2,0,2,2,1,1,1,2,0,0,0,1,2,0,0,0,0,0,0,0,0
2021-11-19,628,0,0,2,2,0,1,0,1,2,2,1,2,0,2,2,1,1,1,2,0,0,0,1,2,0,0,0,0,0,0,0,0
2021-11-20,629,0,0,2,2,0,1,0,1,2,2,1,2,0,2,2,1,1,1,2,0,0,0,1,2,0,0,0,0,0,0,0,0
2021-11-21,630,0,0,2,2,0,1,0,1,2,2,1,2,0,2,2,1,1,1,2,0,0,0,1,2,0,0,0,0,0,0,0,0
2021-11-22,631,0,0,2,2,0,1,0,1,2,2,1,2,0,2,2,1,1,1,2,0,0,0,1,2,0,0,0,0,0,0,0,0
2021-11-23,632,0,0,2,2,0,1,0,1,2,2,1,2,0,2,2,1,1,1,2,0,0,0,1,2,0,0,0,0,0,0,0,0
2021-11-24,633,0,0,2,2,0,1,0,1,2,2,1,2,0,2,2,1,1,1,2,0,0,0,1,2,0,0,0,0,0,0,0,0
2021-11-25,634,0,0,2,2,0,1,0,1,2,2,1,2,0,2,2,1,1,1,2,0,0,0,1,2,0,0,0,0,0,0,0,0
2021-11-26,635,0,0,2,2,0,1,0,1,2,2,1,2,0,2,2,1,1,1,2,0,0,0,1,2,0,0,0,0,0,0,0,0
2021-11-27,636,0,0,2,2,0,1,0,1,2,2,1,2,0,2,2,1,1,1,2,0,0,0,1,2,0,0,0,0,0,0,0,0
2021-11-28,637,0,0,2,2,0,1,0,1,2,2,1,2,0,2,2,1,1,1,2,0,0,0,1,2,0,0,0,0,0,0,0,0
2021-11-29,638,0,0,2,2,0,1,0,1,2,2,1,2,0,2,2,1,1,1,2,0,0,0,1,2,0,0,0,0,0,0,0,0
2021-11-30,639,0,0,2,2,0,1,0,1,2,2,1,2,0,2,2,1,1,1,2,0,0,0,1,2,0,0,0,0,0,0,0,0
2021-12-01,640,0,0,2,2,0,1,0,1,2,2,1,2,0,2,2,1,1,1,2,0,0,0,1,2,0,0,0,0,0,0,0,0
2021-12-02,641,0,0,2,2,0,1,0,1,2,2,1,2,0,2,2,1,1,1,2,0,0,0,1,2,0,0,0,0,0,0,0,0
2021-12-03,642,0,0,2,2,0,1,0,1,2,2,1,2,0,2,2,1,1,1,2,0,0,0,1,2,0,0,0,0,0,0,0,0
2021-12-04,643,0,0,2,2,0,1,0,1,2,2,1,2,0,2,2,1,1,1,2,0,0,0,1,2,0,0,0,0,0,0,0,0
2021-12-05,644,0,0,2,2,0,1,0,1,2,2,1,2,0,2,2,1,1,1,2,0,0,0,1,2,0,0,0,0,0,0,0,0
2021-12-06,645,0,0,2,2,0,1,0,1,2,2,1,2,0,2,2,1,1,1,2,0,0,0,1,2,0,0,0,0,0,0,0,0
2021-12-07,646,0,0,2,2,0,1,0,1,2,2,1,2,0,2,2,1,1,1,2,0,0,0,1,2,0,0,0,0,0,0,0,0
2021-12-08,647,0,0,2,2,0,1,0,1,2,2,1,2,0,2,2,1,1,1,2,0,0,0,1,2,0,0,0,0,0,0,0,0
2021-12-09,648,0,0,2,2,0,1,0,1,2,2,1,2,0,2,2,1,1,1,2,0,0,0,1,2,0,0,0,0,0,0,0,0
2021-12-10,649,0,0,2,2,0,1,0,1,2,2,1,2,0,2,2,1,1,1,2,0,0,0,1,2,0,0,0,0,0,0,0,0
2021-12-11,650,0,0,2,2,0,1,0,1,2,2,1,2,0,2,2,1,1,1,2,0,0,0,2,2,0,0,0,0,0,0,0,0
2021-12-12,651,0,0,2,2,0,1,0,1,2,2,1,2,0,2,2,1,1,1,2,0,0,0,2,2,0,0,0,0,0,0,0,0
2021-12-13,652,0,0,2,2,0,1,0,1,2,2,1,2,0,2,2,1,1,1,2,0,0,0,2,2,0,0,0,0,0,0,0,0
2021-12-14,653,0,0,2,2,0,1,0,1,2,2,1,2,0,2,2,1,1,1,2,0,0,0,2,2,0,0,0,0,0,0,0,0
2021-12-15,654,0,0,2,2,0,1,0,1,2,2,1,2,0,2,2,1,1,1,2,0,0,0,2,2,0,0,0,0,0,0,0,0
2021-12-16,655,0,0,2,2,0,1,0,1,2,2,1,2,0,2,2,1,1,1,2,0,0,0,2,2,0,0,0,0,0,0,0,0
2021-12-17,656,0,0,2,2,0,1,0,1,2,2,1,2,0,2,2,1,1,1,2,0,0,0,2,2,0,0,0,0,0,0,0,0
2021-12-18,657,0,0,2,2,0,1,0,1,2,2,1,2,0,2,2,1,1,1,2,0,0,0,2,2,0,0,0,0,0,0,0,0
2021-12-19,658,0,0,2,2,0,1,0,1,2,2,1,2,0,2,2,1,1,1,2,0,0,0,2,2,0,0,0,0,0,0,0,0
2021-12-20,659,0,0,2,2,0,1,0,1,2,2,1,2,0,2,2,1,1,1,2,0,0,0,2,2,0,0,0,0,0,0,0,0
2021-12-21,660,0,0,2,2,0,1,0,1,2,2,1,2,0,2,2,1,1,1,2,0,0,0,2,2,0,0,0,0,0,0,0,0
2021-12-22,661,0,0,2,2,0,1,0,1,2,2,1,2,0,2,2,1,1,1,2,0,0,0,2,2,0,0,0,0,0,0,0,0
2021-12-23,662,0,0,2,2,0,1,0,1,2,2,1,2,0,2,2,1,1,1,2,0,0,0,2,2,0,0,0,0,0,0,0,0
2021-12-24,663,0,0,2,2,0,1,0,1,2,2,1,2,0,2,2,1,1,1,2,0,0,0,2,2,0,0,0,0,0,0,0,0
2021-12-25,664,0,0,2,2,0,1,0,1,2,2,1,2,0,2,2,1,1,1,2,0,0,0,2,2,0,0,0,0,0,0,0,0
2021-12-26,665,0,0,2,2,0,1,0,1,2,2,1,2,0,2,2,1,1,1,2,0,0,0,2,2,0,0,0,0,0,0,0,0
2021-12-27,666,0,0,2,2,0,1,0,1,2,2,1,2,0,2,2,1,1,1,2,0,0,0,2,2,0,0,0,0,0,0,0,0
2021-12-28,667,0,0,2,2,0,1,0,1,2,2,1,2,0,2,2,1,1,1,2,0,0,0,2,2,0,0,0,0,0,0,0,0
2021-12-29,668,0,0,2,2,0,1,0,1,2,2,1,2,0,2,2,1,1,1,2,0,0,0,2,2,0,0,0,0,0,0,0,0
2021-12-30,669,0,0,2,2,0,1,0,1,2,2,1,2,0,2,2,1,1,1,2,0,0,0,2,2,0,0,0,0,0,0,0,0
2021-12-31,670,0,0,2,2,0,1,0,1,2,2,1,2,0,2,2,1,1,1,2,0,0,0,2,2,0,0,0,0,0,0,0,0
2022-01-01,671,0,0,2,2,0,1,0,1,2,2,1,2,0,2,2,1,1,1,2,0,0,0,2,2,0,0,0,0,0,0,0,0
2022-01-02,672,0,0,2,2,0,1,0,1,2,2,1,2,0,2,2,1,1,1,2,0,0,0,2,2,0,0,0,0,0,0,0,0
2022-01-03,673,0,0,2,2,0,1,0,1,2,2,1,2,0,2,2,1,1,1,2,0,0,0,2,2,0,0,0,0,0,0,0,0
2022-01-04,674,0,0,2,2,0,1,0,1,2,2,1,2,0,2,2,1,1,1,2,0,0,0,2,2,0,0,0,0,0,0,0,0
2022-01-05,675,0,0,2,2,0,1,0,1,2,2,1,2,0,2,2,1,1,1,2,0,0,0,2,2,0,0,0,0,0,0,0,0
2022-01-06,676,0,0,2,2,0,1,0,1,2,2,1,2,0,2,2,1,1,1,2,0,0,0,2,2,0,0,0,0,0,0,0,0
2022-01-07,677,0,0,2,2,0,1,0,1,2,2,1,2,0,2,2,1,1,1,2,0,0,0,2,2,0,0,0,0,0,0,0,0
2022-01-08,678,0,0,2,2,0,1,0,1,2,2,1,2,0,2,2,1,1,1,2,0,0,0,2,2,0,0,0,0,0,0,0,0
2022-01-09,679,0,0,2,2,0,1,0,1,2,2,1,2,0,2,2,1,1,1,2,0,0,0,2,2,0,0,0,0,0,0,0,0
2022-01-10,680,0,0,2,2,0,1,0,1,2,2,1,2,0,2,2,1,1,1,2,0,0,0,2,2,0,0,0,0,0,0,0,0
2022-01-11,681,0,0,2,2,0,1,0,1,2,2,1,2,0,2,2,1,1,1,2,0,0,0,2,2,0,0,0,0,0,0,0,0
2022-01-12,682,0,0,2,2,0,1,0,1,2,2,1,2,0,2,2,1,1,1,2,0,0,0,2,2,0,0,0,0,0,0,0,0
2022-01-13,683,0,0,2,2,0,1,0,1,2,2,1,2,0,2,2,1,1,1,2,0,0,0,2,2,0,0,0,0,0,0,0,0
2022-01-14,684,0,0,2,2,0,1,0,1,2,2,1,2,0,2,2,1,1,1,2,0,0,0,2,2,0,0,0,0,0,0,0,0
2022-01-15,685,0,0,2,2,0,1,0,1,2,2,1,2,0,2,2,1,1,1,2,0,0,0,2,2,0,0,0,0,0,0,0,0
2022-01-16,686,0,0,2,2,0,1,0,1,2,2,1,2,0,2,2,1,1,1,2,0,0,0,2,2,0,0,0,0,0,0,0,0
2022-01-17,687,0,0,2,2,0,1,1,1,2,2,1,2,0,2,2,1,1,1,2,0,0,0,2,2,0,0,0,0,0,0,0,0
2022-01-18,688,0,0,2,2,0,1,1,1,2,2,1,2,0,2,2,1,1,1,2,0,0,0,2,2,0,0,0,0,0,0,0,0
2022-01-19,689,0,0,2,2,0,1,1,1,2,2,1,2,0,2,2,1,1,1,2,0,0,0,2,2,0,0,0,0,0,0,0,0
2022-01-20,690,0,0,2,2,0,1,1,1,2,2,1,2,0,2,2,1,1,1,2,0,0,0,2,2,0,0,0,0,0,0,0,0
2022-01-21,691,0,0,2,2,0,1,1,1,2,2,1,2,0,2,2,1,1,1,2,0,0,0,2,2,0,0,0,0,0,0,0,0
2022-01-22,692,0,0,2,2,0,1,1,1,2,2,1,2,0,2,2,1,1,1,2,0,0,0,2,2,0,0,0,0,0,0,0,0
2022-01-23,693,0,0,2,2,0,1,1,1,2,2,1,2,0,2,2,1,1,1,2,0,0,0,2,2,0,0,0,0,0,0,0,0
2022-01-24,694,0,0,2,2,0,1,1,1,2,2,1,2,0,2,2,1,1,1,2,0,0,0,2,2,0,0,0,0,0,0,0,0
2022-01-25,695,0,0,2,2,0,1,1,1,2,2,1,2,0,2,2,1,1,1,2,0,0,0,2,2,0,0,0,0,0,0,0,0
2022-01-26,696,0,0,2,2,0,1,1,1,2,2,1,2,0,2,2,1,1,1,2,0,0,0,2,2,0,0,0,0,0,0,0,0
2022-01-27,697,0,0,2,2,0,1,1,1,2,2,1,2,0,2,2,1,1,1,2,0,0,0,2,2,0,0,0,0,0,0,0,0
2022-01-28,698,0,0,2,2,0,1,1,1,2,2,1,2,0,2,2,1,1,1,2,0,0,0,2,2,0,0,0,0,0,0,0,0
2022-01-29,699,0,0,2,2,0,1,1,1,2,2,1,2,0,2,2,1,1,1,2,0,0,0,2,2,0,0,0,0,0,0,0,0
2022-01-30,700,0,0,2,2,0,1,1,1,2,2,1,2,0,2,2,1,1,1,2,0,0,0,2,2,0,0,0,0,0,0,0,0
2022-01-31,701,0,0,2,2,0,1,1,1,2,2,1,2,0,2,2,1,1,1,2,0,0,0,2,2,0,0,0,0,0,0,0,0
2022-02-01,702,0,0,2,2,0,1,1,1,2,2,1,2,0,2,2,1,1,1,2,0,0,0,2,2,0,0,0,0,0,0,0,0
2022-02-02,703,0,0,2,2,0,1,1,1,2,2,1,2,0,2,2,1,1,1,2,0,0,0,2,2,0,0,0,0,0,0,0,0
2022-02-03,704,0,0,2,2,0,1,1,1,2,2,1,2,0,2,2,1,1,1,2,0,0,0,2,2,0,0,0,0,0,0,0,0
2022-02-04,705,0,0,2,2,0,1,1,1,2,2,1,2,0,2,2,1,1,1,2,0,0,0,2,2,0,0,0,0,0,0,0,0
2022-02-05,706,0,0,2,2,0,1,1,1,2,2,1,2,0,2,2,1,1,1,2,0,0,0,2,2,0,0,0,0,0,0,0,0
2022-02-06,707,0,0,2,2,0,1,1,1,2,2,1,2,0,2,2,1,1,1,2,0,0,0,2,2,0,0,0,0,0,0,0,0
2022-02-07,708,0,0,2,2,0,1,1,1,2,2,1,2,0,2,2,1,1,1,0,0,0,0,2,2,0,0,0,0,0,0,0,0
2022-02-08,709,0,0,2,2,0,0,1,1,2,2,1,2,0,2,2,1,1,1,0,0,0,0,2,2,0,0,0,0,0,0,0,0
2022-02-09,710,0,0,2,2,0,0,1,1,2,2,1,2,0,2,2,1,1,1,0,0,0,0,2,2,0,0,0,0,0,0,0,0
2022-02-10,711,0,0,2,2,0,0,1,1,2,2,1,2,0,2,2,1,1,1,0,0,0,0,2,2,0,0,0,0,0,0,0,0
2022-02-11,712,0,0,2,2,0,0,1,1,2,2,1,2,0,2,1,1,1,1,0,0,0,0,2,2,0,0,0,0,0,0,0,0
2022-02-12,713,0,0,2,2,0,0,1,1,2,2,1,2,0,2,1,1,1,1,0,0,0,0,2,2,0,0,0,0,0,0,0,0
2022-02-13,714,0,0,2,2,0,0,1,1,2,2,1,2,0,2,1,1,1,1,0,0,0,0,2,2,0,0,0,0,0,0,0,0
2022-02-14,715,0,0,2,2,0,0,1,1,2,2,1,2,0,2,1,1,1,1,0,0,0,0,2,2,0,0,0,0,0,0,0,0
2022-02-15,716,0,0,2,2,0,0,1,1,2,2,1,2,0,2,1,1,1,1,0,0,0,0,2,2,0,0,0,0,0,0,0,0
2022-02-16,717,0,0,2,2,0,0,1,1,2,2,1,2,0,2,1,1,1,1,0,0,0,0,2,2,0,0,0,0,0,0,0,0
2022-02-17,718,0,0,2,2,0,0,1,1,2,2,1,2,0,2,1,1,1,1,0,0,0,0,2,2,0,0,0,0,0,0,0,0
2022-02-18,719,0,0,2,2,0,0,1,1,2,2,1,2,0,2,1,1,1,1,0,0,0,0,2,2,0,0,0,0,0,0,0,0
2022-02-19,720,0,0,2,2,0,0,1,1,2,2,1,2,0,2,1,1,1,1,0,0,0,0,2,2,0,0,0,0,0,0,0,0
2022-02-20,721,0,0,2,2,0,0,1,1,2,2,1,2,0,2,1,1,1,1,0,0,0,0,2,2,0,0,0,0,0,0,0,0
2022-02-21,722,0,0,2,2,0,0,1,1,2,2,1,2,0,2,1,1,1,1,0,0,0,0,2,2,0,0,0,0,0,0,0,0
2022-02-22,723,0,0,2,2,0,0,1,1,2,2,1,2,0,2,1,1,1,1,0,0,0,0,2,2,0,0,0,0,0,0,0,0
2022-02-23,724,0,0,2,2,0,0,1,1,2,2,1,2,0,2,1,1,1,1,0,0,0,0,2,2,0,0,0,0,0,0,0,0
2022-02-24,725,0,0,2,2,0,0,1,1,2,2,1,2,0,2,1,1,1,1,0,0,0,0,2,2,0,0,0,0,0,0,0,0
2022-02-25,726,0,0,2,2,0,0,1,1,2,2,1,2,0,2,1,1,1,1,0,0,0,0,2,2,0,0,0,0,0,0,0,0
2022-02-26,727,0,0,2,2,0,0,1,1,2,2,1,2,0,2,1,1,1,1,0,0,0,0,2,2,0,0,0,0,0,0,0,0
2022-02-27,728,0,0,2,2,0,0,1,1,2,2,1,2,0,2,1,1,1,1,0,0,0,0,2,2,0,0,0,0,0,0,0,0
2022-02-28,729,0,0,2,2,0,0,1,1,2,2,1,2,0,2,1,1,1,1,0,0,0,0,2,2,0,0,0,0,0,0,0,0
2022-03-01,730,0,0,0,2,0,0,1,1,2,2,1,2,0,2,1,1,1,1,0,0,0,0,2,2,0,0,0,0,0,0,0,0
2022-03-02,731,0,0,0,2,0,0,1,1,2,2,1,2,0,2,1,1,1,1,0,0,0,0,2,2,0,0,0,0,0,0,0,0
2022-03-03,732,0,0,0,2,0,0,1,1,2,2,1,2,0,2,1,1,1,1,0,0,0,0,2,2,0,0,0,0,0,0,0,0
2022-03-04,733,0,0,0,2,0,0,1,1,2,2,1,2,0,2,1,1,1,1,0,0,0,0,2,2,0,0,0,0,0,0,0,0
2022-03-05,734,0,0,0,2,0,0,1,1,2,2,1,2,0,2,1,1,1,1,0,0,0,0,2,2,0,0,0,0,0,0,0,0
2022-03-06,735,0,0,0,2,0,0,1,1,2,2,1,2,0,2,1,1,1,1,0,0,0,0,2,2,0,0,0,0,0,0,0,0
2022-03-07,736,0,0,0,2,0,0,1,1,2,2,1,2,0,2,1,1,1,1,0,0,0,0,2,2,0,0,0,0,0,0,0,0
2022-03-08,737,0,0,0,2,0,0,1,1,2,2,1,2,0,2,1,1,1,1,0,0,0,0,2,2,0,0,0,0,0,0,0,0
2022-03-09,738,0,0,0,2,0,0,1,1,2,2,1,2,0,2,1,1,1,1,0,0,0,0,2,2,0,0,0,0,0,0,0,0
2022-03-10,739,0,0,0,2,0,0,1,1,2,2,1,2,0,2,1,1,1,1,0,0,0,0,2,2,0,0,0,0,0,0,0,0
2022-03-11,740,0,0,0,2,0,0,1,1,2,2,1,2,0,2,1,1,1,1,0,0,0,0,2,2,0,0,0,0,0,0,0,0
2022-03-12,741,0,0,0,2,0,0,1,1,2,2,1,2,0,2,1,1,1,1,0,0,0,0,2,2,0,0,0,0,0,0,0,0
2022-03-13,742,0,0,0,2,0,0,1,1,2,2,1,2,0,2,1,1,1,1,0,0,0,0,2,2,0,0,0,0,0,0,0,0
2022-03-14,743,0,0,0,2,0,0,1,1,2,2,1,2,0,2,1,1,1,1,0,0,0,0,2,2,0,0,0,0,0,0,0,0
2022-03-15,744,0,0,0,2,0,0,1,1,2,2,1,2,0,2,1,1,1,1,0,0,0,0,2,2,0,0,0,0,0,0,0,0
2022-03-16,745,0,0,0,2,0,0,1,1,2,2,1,2,0,2,1,1,1,1,0,0,0,0,2,2,0,0,0,0,0,0,0,0
2022-03-17,746,0,0,0,2,0,0,1,1,2,2,1,2,0,2,1,1,1,1,0,0,0,0,2,2,0,0,0,0,0,0,0,0
2022-03-18,747,0,0,0,2,0,0,1,1,2,2,1,2,0,2,1,1,1,1,0,0,0,0,2,2,0,0,0,0,0,0,0,0
2022-03-19,748,0,0,0,2,0,0,1,1,2,2,1,2,0,2,1,1,1,1,0,0,0,0,2,2,0,0,0,0,0,0,0,0
2022-03-20,749,0,0,0,2,0,0,1,1,2,2,1,2,0,2,1,1,1,1,0,0,0,0,2,2,0,0,0,0,0,0,0,0
2022-03-21,750,0,0,0,2,0,0,1,1,2,2,1,2,0,2,1,1,1,1,0,0,0,0,2,2,0,0,0,0,0,0,0,0
2022-03-22,751,0,0,0,2,0,0,1,1,2,2,1,2,0,2,1,1,1,1,0,0,0,0,2,2,0,0,0,0,0,0,0,0
2022-03-23,752,0,0,0,2,0,0,1,1,2,2,1,2,0,2,1,1,1,1,0,0,0,0,2,2,0,0,0,0,0,0,0,0
2022-03-24,753,0,0,0,2,0,0,1,1,2,2,1,2,0,2,1,1,1,1,0,0,0,0,2,2,0,0,0,0,0,0,0,0
2022-03-25,754,0,0,0,2,0,0,1,1,2,2,1,2,0,2,1,1,1,1,0,0,0,0,2,2,0,0,0,0,0,0,0,0
2022-03-26,755,0,0,0,2,0,0,1,1,2,2,1,2,0,2,1,1,1,1,0,0,0,0,2,2,0,0,0,0,0,0,0,0
2022-03-27,756,0,0,0,2,0,0,1,1,2,2,1,2,0,2,1,1,1,1,0,0,0,0,2,2,0,0,0,0,0,0,0,0
2022-03-28,757,0,0,0,2,0,0,1,1,2,2,1,2,0,2,1,1,1,1,0,0,0,0,2,2,0,0,0,0,0,0,0,0
2022-03-29,758,0,0,0,2,0,0,1,1,2,2,1,2,0,2,1,1,1,1,0,0,0,0,2,2,0,0,0,0,0,0,0,0
2022-03-30,759,0,0,0,2,0,0,1,1,2,2,1,2,0,2,1,1,1,1,0,0,0,0,2,2,0,0,0,0,0,0,0,0
2022-03-31,760,0,0,0,2,0,0,1,1,2,2,1,2,0,2,1,1,1,1,0,0,0,0,2,2,0,0,0,0,0,0,0,0
2022-04-01,761,0,0,0,2,0,0,1,1,2,2,1,2,0,2,1,1,1,1,0,0,0,0,2,2,0,0,0,0,0,0,0,0
2022-04-02,762,0,0,0,2,0,0,1,1,2,2,1,2,0,2,1,1,1,1,0,0,0,0,2,2,0,0,0,0,0,0,0,0
2022-04-03,763,0,0,0,2,0,0,1,1,2,2,1,2,0,2,1,1,1,1,0,0,0,0,2,2,0,0,0,0,0,0,0,0
2022-04-04,764,0,0,0,2,0,0,1,1,2,2,1,2,0,2,1,1,1,1,0,0,0,0,2,2,0,0,0,0,0,0,0,0
2022-04-05,765,0,0,0,2,0,0,1,1,2,2,1,2,0,2,1,1,1,1,0,0,0,0,2,2,0,0,0,0,0,0,0,0
2022-04-06,766,0,0,0,2,0,0,1,1,2,2,1,2,0,2,1,1,1,1,0,0,0,0,2,2,0,0,0,0,0,0,0,0
2022-04-07,767,0,0,0,2,0,0,1,1,2,2,1,2,0,2,1,1,1,1,0,0,0,0,2,2,0,0,0,0,0,0,0,0
2022-04-08,768,0,0,0,2,0,0,1,1,2,2,1,2,0,2,1,1,1,1,0,0,0,0,2,2,0,0,0,0,0,0,0,0
2022-04-09,769,0,0,0,2,0,0,1,1,2,2,1,2,0,2,1,1,1,1,0,0,0,0,2,2,0,0,0,0,0,0,0,0
2022-04-10,770,0,0,0,2,0,0,1,1,2,2,1,2,0,2,1,1,1,1,0,0,0,0,2,2,0,0,0,0,0,0,0,0
2022-04-11,771,0,0,0,2,0,0,1,1,2,2,1,2,0,2,1,1,1,1,0,0,0,0,2,2,0,0,0,0,0,0,0,0
2022-04-12,772,0,0,0,2,0,0,1,1,2,2,1,2,0,2,1,1,1,1,0,0,0,0,2,2,0,0,0,0,0,0,0,0
2022-04-13,773,0,0,0,2,0,0,1,1,2,2,1,2,0,2,1,1,1,1,0,0,0,0,2,2,0,0,0,0,0,0,0,0
2022-04-14,774,0,0,0,2,0,0,1,1,2,2,1,2,0,2,1,1,1,1,0,0,0,0,2,2,0,0,0,0,0,0,0,0
2022-04-15,775,0,0,0,2,0,0,1,1,2,2,1,2,0,2,1,1,1,1,0,0,0,0,2,2,0,0,0,0,0,0,0,0
2022-04-16,776,0,0,0,2,0,0,1,1,2,2,1,2,0,2,1,1,1,1,0,0,0,0,2,2,0,0,0,0,0,0,0,0
2022-04-17,777,0,0,0,2,0,0,1,1,2,2,1,2,0,2,1,1,1,1,0,0,0,0,2,2,0,0,0,0,0,0,0,0
2022-04-18,778,0,0,0,2,0,0,1,1,2,2,1,2,0,2,1,1,1,1,0,0,0,0,2,2,0,0,0,0,0,0,0,0
2022-04-19,779,0,0,0,2,0,0,1,1,2,2,1,2,0,2,1,1,1,1,0,0,0,0,2,2,0,0,0,0,0,0,0,0
2022-04-20,780,0,0,0,2,0,0,1,1,2,2,1,2,0,2,1,1,1,1,0,0,0,0,2,2,0,0,0,0,0,0,0,0
2022-04-21,781,0,0,0,2,0,0,1,1,2,2,1,2,0,2,1,1,1,1,0,0,0,0,2,2,0,0,0,0,0,0,0,0
2022-04-22,782,0,0,0,2,0,0,1,0,2,2,1,2,0,2,1,1,0,1,0,0,0,0,2,2,0,0,0,0,0,0,0,0
2022-04-23,783,0,0,0,2,0,0,1,0,2,2,1,2,0,2,1,1,0,1,0,0,0,0,2,2,0,0,0,0,0,0,0,0
2022-04-24,784,0,0,0,2,0,0,1,0,2,2,1,2,0,2,1,1,0,1,0,0,0,0,2,2,0,0,0,0,0,0,0,0
2022-04-25,785,0,0,0,2,0,0,1,0,2,2,1,2,0,2,1,1,0,1,0,0,0,0,2,2,0,0,0,0,0,0,0,0
2022-04-26,786,0,0,0,2,0,0,1,0,2,2,1,2,0,2,1,1,0,1,0,0,0,0,2,2,0,0,0,0,0,0,0,0
2022-04-27,787,0,0,0,2,0,0,1,0,2,2,1,2,0,2,1,1,0,1,0,0,0,0,2,2,0,0,0,0,0,0,0,0
2022-04-28,788,0,0,0,2,0,0,1,0,2,2,1,2,0,2,1,1,0,1,0,0,0,0,2,2,0,0,0,0,0,0,0,0
2022-04-29,789,0,0,0,2,0,0,1,0,2,2,1,2,0,2,1,1,0,1,0,0,0,0,2,2,0,0,0,0,0,0,0,0
2022-04-30,790,0,0,0,2,0,0,1,0,2,2,1,2,0,2,1,1,0,1,0,0,0,0,2,2,0,0,0,0,0,0,0,0
2022-05-01,791,0,0,0,2,0,0,1,0,2,2,1,2,0,2,1,1,0,1,0,0,0,0,2,2,0,0,0,0,0,0,0,0
2022-05-02,792,0,0,0,2,0,0,0,0,2,0,1,0,0,2,1,1,0,1,0,0,0,1,2,2,0,0,0,0,0,0,0,0
2022-05-03,793,0,0,0,2,0,0,0,0,2,0,1,0,0,2,1,1,0,1,0,0,0,1,2,2,0,0,0,0,0,0,0,0
2022-05-04,794,0,0,0,2,0,0,0,0,2,0,1,0,0,2,1,1,0,1,0,0,0,1,2,2,0,0,0,0,0,0,0,0
2022-05-05,795,0,0,0,2,0,0,0,0,2,0,1,0,0,2,1,1,0,1,0,0,0,1,2,2,0,0,0,0,0,0,0,0
2022-05-06,796,0,0,0,2,0,0,0,0,2,0,1,0,0,2,1,1,0,1,0,0,0,1,2,2,0,0,0,0,0,0,0,0
2022-05-07,797,0,0,0,2,0,0,0,0,2,0,1,0,0,2,1,1,0,1,0,0,0,1,2,2,0,0,0,0,0,0,0,0
2022-05-08,798,0,0,0,2,0,0,0,0,2,0,1,0,0,2,1,1,0,1,0,0,0,1,2,2,0,0,0,0,0,0,0,0
2022-05-09,799,0,0,0,2,0,0,0,0,2,0,1,0,0,2,1,1,0,1,0,0,0,1,0,2,0,0,0,0,0,0,0,0
2022-05-10,800,0,0,0,2,0,0,0,0,2,0,1,0,0,2,1,1,0,1,0,0,0,1,0,2,0,0,0,0,0,0,0,0
2022-05-11,801,0,0,0,2,0,0,0,0,2,0,1,0,0,2,1,1,0,1,0,0,0,1,0,2,0,0,0,0,0,0,0,0
2022-05-12,802,0,0,0,2,0,0,0,0,2,0,1,0,0,2,1,1,0,1,0,0,0,1,0,2,0,0,0,0,0,0,0,0
2022-05-13,803,0,0,0,2,0,0,0,0,2,0,1,0,0,2,1,1,0,1,0,0,0,1,0,2,0,0,0,0,0,0,0,0
2022-05-14,804,0,0,0,2,0,0,0,0,2,0,1,0,0,2,1,1,0,1,0,0,0,1,0,2,0,0,0,0,0,0,0,0
2022-05-15,805,0,0,0,2,0,0,0,0,2,0,1,0,0,2,1,1,0,1,0,0,0,1,0,2,0,0,0,0,0,0,0,0
2022-05-16,806,0,0,0,2,0,0,0,0,2,0,1,0,2,2,1,1,0,1,0,0,0,0,0,2,0,0,0,0,0,0,0,0
2022-05-17,807,0,0,0,2,0,0,0,0,2,0,1,0,2,2,1,1,0,1,0,0,0,0,0,2,0,0,0,0,0,0,0,0
2022-05-18,808,0,0,0,2,0,0,0,0,2,0,1,0,2,2,1,1,0,1,0,0,0,0,0,2,0,0,0,0,0,0,0,0
2022-05-19,809,0,0,0,2,0,0,0,0,2,0,1,0,2,2,1,1,0,1,0,0,0,0,0,2,0,0,0,0,0,0,0,0
2022-05-20,810,0,0,0,2,0,0,0,0,2,0,1,0,2,2,1,1,0,1,0,0,0,0,0,2,0,0,0,0,0,0,0,0
2022-05-21,811,0,0,0,2,0,0,0,0,2,0,1,0,2,2,1,1,0,1,0,0,0,0,0,2,0,0,0,0,0,0,0,0
2022-05-22,812,0,0,0,2,0,0,0,0,2,0,1,0,2,2,1,1,0,1,0,0,0,0,0,2,0,0,0,0,0,0,0,0
2022-05-23,813,0,0,0,2,0,0,0,0,2,0,1,0,2,2,1,1,0,1,0,0,0,0,0,2,0,0,0,0,0,0,0,0
2022-05-24,814,0,0,0,2,0,0,0,0,2,0,1,0,2,2,1,1,0,1,0,0,0,0,0,2,0,0,0,0,0,0,0,0
2022-05-25,815,0,0,0,2,0,0,0,0,2,0,1,0,2,2,1,1,0,1,0,0,0,0,0,2,0,0,0,0,0,0,0,0
2022-05-26,816,0,0,0,2,0,0,0,0,2,0,1,0,2,2,1,1,0,1,0,0,0,0,0,2,0,0,0,0,0,0,0,0
2022-05-27,817,0,0,0,2,0,0,0,0,2,0,1,0,2,2,1,1,0,1,0,0,0,0,0,2,0,0,0,0,0,0,0,0
2022-05-28,818,0,0,0,2,0,0,0,0,2,0,1,0,2,2,1,1,0,1,0,0,0,0,0,2,0,0,0,0,0,0,0,0
2022-05-29,819,0,0,0,2,0,0,0,0,2,0,1,0,2,2,1,1,0,1,0,0,0,0,0,2,0,0,0,0,0,0,0,0
2022-05-30,820,0,0,0,2,0,0,0,0,2,0,1,0,2,2,1,1,0,1,0,0,0,0,0,2,0,0,0,0,0,0,0,0
2022-05-31,821,0,0,0,2,0,0,0,0,2,0,1,0,2,2,1,1,0,1,0,0,0,0,0,2,0,0,0,0,0,0,0,0
2022-06-01,822,0,0,0,2,0,0,0,0,2,0,1,0,2,2,1,1,0,1,0,0,0,0,0,2,0,0,0,0,0,0,0,0
2022-06-02,823,0,0,0,2,0,0,0,0,2,0,1,0,2,2,1,1,0,1,0,0,0,0,0,2,0,0,0,0,0,0,0,0
2022-06-03,824,0,0,0,2,0,0,0,0,2,0,1,0,2,2,1,1,0,1,0,0,0,0,0,2,0,0,0,0,0,0,0,0
2022-06-04,825,0,0,0,2,0,0,0,0,2,0,1,0,2,2,1,1,0,1,0,0,0,0,0,2,0,0,0,0,0,0,0,0
2022-06-05,826,0,0,0,2,0,0,0,0,2,0,1,0,2,2,1,1,0,1,0,0,0,0,0,2,0,0,0,0,0,0,0,0
2022-06-06,827,0,0,0,2,0,0,0,0,2,0,1,0,2,2,1,1,0,1,0,0,0,0,0,2,0,0,0,0,0,0,0,0
2022-06-07,828,0,0,0,2,0,0,0,0,2,0,1,0,2,2,1,1,0,1,0,0,0,0,0,2,0,0,0,0,0,0,0,0
2022-06-08,829,0,0,0,2,0,0,0,0,2,0,1,0,2,2,1,1,0,1,0,0,0,0,0,2,0,0,0,0,0,0,0,0
2022-06-09,830,0,0,0,2,0,0,0,0,2,0,1,0,2,2,1,1,0,1,0,0,0,0,0,2,0,0,0,0,0,0,0,0
2022-06-10,831,0,0,0,2,0,0,0,0,2,0,1,0,2,2,1,1,0,1,0,0,0,0,0,2,0,0,0,0,0,0,0,0
2022-06-11,832,0,0,0,2,0,0,0,0,2,0,1,0,2,2,1,1,0,1,0,0,0,0,0,2,0,0,0,0,0,0,0,0
2022-06-12,833,0,0,0,2,0,0,0,0,2,0,1,0,2,2,1,1,0,1,0,0,0,0,0,2,0,0,0,0,0,0,0,0
2022-06-13,834,0,0,0,2,0,0,0,0,2,0,1,0,2,2,1,1,0,1,0,0,0,0,0,2,0,0,0,0,0,0,0,0
2022-06-14,835,0,0,0,2,0,0,0,0,2,0,1,0,2,2,1,1,0,1,0,0,0,0,0,2,0,0,0,0,0,0,0,0
2022-06-15,836,0,0,0,2,0,0,0,0,2,0,1,0,2,2,1,1,0,1,0,0,0,0,0,2,0,0,0,0,0,0,0,0
2022-06-16,837,0,0,0,2,0,0,0,0,2,0,1,0,2,2,1,1,0,1,0,0,0,0,0,2,0,0,0,0,0,0,0,0
2022-06-17,838,0,0,0,2,0,0,0,0,2,0,1,0,2,2,1,1,0,1,0,0,0,0,0,2,0,0,0,0,0,0,0,0
2022-06-18,839,0,0,0,2,0,0,0,0,2,0,1,0,2,2,1,1,0,1,0,0,0,0,0,2,0,0,0,0,0,0,0,0
2022-06-19,840,0,0,0,2,0,0,0,0,2,0,1,0,2,2,1,1,0,1,0,0,0,0,0,2,0,0,0,0,0,0,0,0
2022-06-20,841,0,0,0,2,0,0,0,0,2,0,1,0,2,2,1,1,0,1,0,0,0,0,0,2,0,0,0,0,0,0,0,0
2022-06-21,842,0,0,0,2,0,0,0,0,2,0,1,0,2,2,1,1,0,1,0,0,0,0,0,2,0,0,0,0,0,0,0,0
2022-06-22,843,0,0,0,2,0,0,0,0,2,0,1,0,2,2,1,1,0,1,0,0,0,0,0,2,0,0,0,0,0,0,0,0
2022-06-23,844,0,0,0,2,0,0,0,0,2,0,1,0,2,2,1,1,0,1,0,0,0,0,0,2,0,0,0,0,0,0,0,0
2022-06-24,845,0,0,0,2,0,0,0,0,2,0,1,0,2,2,1,1,0,1,0,0,0,0,0,2,0,0,0,0,0,0,0,0
2022-06-25,846,0,0,0,2,0,0,0,0,2,0,1,0,2,2,1,1,0,1,0,0,0,0,0,2,0,0,0,0,0,0,0,0
2022-06-26,847,0,0,0,2,0,0,0,0,2,0,1,0,2,2,1,1,0,1,0,0,0,0,0,2,0,0,0,0,0,0,0,0
2022-06-27,848,0,0,0,2,0,0,0,0,2,0,1,0,2,2,1,1,0,1,0,0,0,0,0,2,0,0,0,0,0,0,0,0
2022-06-28,849,0,0,0,2,0,0,0,0,2,0,1,0,2,2,1,1,0,1,0,0,0,0,0,2,0,0,0,0,0,0,0,0
2022-06-29,850,0,0,0,2,0,0,0,0,2,0,1,0,2,2,1,1,0,1,0,0,0,0,0,2,0,0,0,0,0,0,0,0
2022-06-30,851,0,0,0,2,0,0,0,0,2,0,1,0,2,2,1,1,0,1,0,0,0,0,0,2,0,0,0,0,0,0,0,0
2022-07-01,852,0,0,0,2,0,0,0,0,2,0,1,0,2,2,1,1,0,1,0,0,0,0,0,2,0,0,0,0,0,0,0,0
2022-07-02,853,0,0,0,2,0,0,0,0,2,0,1,0,2,2,1,1,0,1,0,0,0,0,0,2,0,0,0,0,0,0,0,0
2022-07-03,854,0,0,0,2,0,0,0,0,2,0,1,0,2,2,1,1,0,1,0,0,0,0,0,2,0,0,0,0,0,0,0,0
2022-07-04,855,0,0,0,2,0,0,0,0,2,0,1,0,2,2,1,1,0,1,0,0,0,0,0,2,0,0,0,0,0,0,0,0
2022-07-05,856,0,0,0,2,0,0,0,0,2,0,1,0,2,2,1,1,0,1,0,0,0,0,0,2,0,0,0,0,0,0,0,0
2022-07-06,857,0,0,0,2,0,0,0,0,2,0,1,0,2,2,1,1,0,1,0,0,0,0,0,2,0,0,0,0,0,0,0,0
2022-07-07,858,0,0,0,2,0,0,0,0,2,0,1,0,2,2,1,1,0,1,0,0,0,0,0,2,0,0,0,0,0,0,0,0
2022-07-08,859,0,0,0,2,0,0,0,0,2,0,1,0,2,2,1,1,0,1,0,0,0,0,0,2,0,0,0,0,0,0,0,0
2022-07-09,860,0,0,0,2,0,0,0,0,2,0,1,0,2,2,1,1,0,1,0,0,0,0,0,2,0,0,0,0,0,0,0,0
2022-07-10,861,0,0,0,2,0,0,0,0,2,0,1,0,2,2,1,1,0,1,0,0,0,0,0,2,0,0,0,0,0,0,0,0
2022-07-11,862,0,0,0,2,0,0,0,0,2,0,1,0,2,2,1,1,0,1,0,0,0,0,0,2,0,0,0,0,0,0,0,0
2022-07-12,863,0,0,0,2,0,0,0,0,2,0,1,0,2,2,0,1,0,1,0,0,0,0,0,2,0,0,0,0,0,0,0,0
2022-07-13,864,0,0,0,2,0,0,0,0,2,0,1,0,2,2,0,1,0,1,0,0,0,0,0,2,0,0,0,0,0,0,0,0
2022-07-14,865,0,0,0,2,0,0,0,0,2,0,1,0,2,2,0,1,0,1,0,0,0,0,0,2,0,0,0,0,0,0,0,0
2022-07-15,866,0,0,0,2,0,0,0,0,2,0,1,0,2,2,0,1,0,1,0,0,0,0,0,2,0,0,0,0,0,0,0,0
2022-07-16,867,0,0,0,2,0,0,0,0,2,0,1,0,2,2,0,1,0,1,0,0,0,0,0,2,0,0,0,0,0,0,0,0
2022-07-17,868,0,0,0,2,0,0,0,0,2,0,1,0,2,2,0,1,0,1,0,0,0,0,0,2,0,0,0,0,0,0,0,0
2022-07-18,869,0,0,0,2,0,0,0,0,2,0,1,0,2,2,0,1,0,1,0,0,0,0,0,2,0,0,0,0,0,0,0,0
2022-07-19,870,0,0,0,2,0,0,0,0,2,0,1,0,2,2,0,1,0,1,0,0,0,0,0,2,0,0,0,0,0,0,0,0
2022-07-20,871,0,0,0,2,0,0,0,0,2,0,1,0,2,2,0,1,0,1,0,0,0,0,0,2,0,0,0,0,0,0,0,0
2022-07-21,872,0,0,0,2,0,0,0,0,2,0,1,0,2,2,0,1,0,1,0,0,0,0,0,2,0,0,0,0,0,0,0,0
2022-07-22,873,0,0,0,2,0,0,0,0,2,0,1,0,2,2,0,1,0,1,0,0,0,0,0,2,0,0,0,0,0,0,0,0
2022-07-23,874,0,0,0,2,0,0,0,0,2,0,1,0,2,2,0,1,0,1,0,0,0,0,0,2,0,0,0,0,0,0,0,0
2022-07-24,875,0,0,0,2,0,0,0,0,2,0,1,0,2,2,0,1,0,1,0,0,0,0,0,2,0,0,0,0,0,0,0,0
2022-07-25,876,0,0,0,2,0,0,0,0,2,0,1,0,2,2,0,0,0,0,0,0,0,0,0,2,0,0,0,0,0,0,0,0
2022-07-26,877,0,0,0,2,0,0,0,0,2,0,1,0,2,2,0,0,0,0,0,0,0,0,0,2,0,0,0,0,0,0,0,0
2022-07-27,878,0,0,0,2,0,0,0,0,2,0,1,0,2,2,0,0,0,0,0,0,0,0,0,2,0,0,0,0,0,0,0,0
2022-07-28,879,0,0,0,2,0,0,0,0,2,0,1,0,2,2,0,0,0,0,0,0,0,0,0,2,0,0,0,0,0,0,0,0
2022-07-29,880,0,0,0,2,0,0,0,0,2,0,1,0,2,2,0,0,0,0,0,0,0,0,0,2,0,0,0,0,0,0,0,0
2022-07-30,881,0,0,0,2,0,0,0,0,2,0,1,0,2,2,0,0,0,0,0,0,0,0,0,2,0,0,0,0,0,0,0,0
2022-07-31,882,0,0,0,2,0,0,0,0,2,0,1,0,2,2,0,0,0,0,0,0,0,0,0,2,0,0,0,0,0,0,0,0
2022-08-01,883,0,0,0,2,0,0,0,0,2,0,1,0,2,2,0,0,0,0,0,0,0,0,0,2,0,0,0,0,0,0,0,0
2022-08-02,884,0,0,0,2,0,0,0,0,2,0,1,0,2,2,0,0,0,0,0,0,0,0,0,2,0,0,0,0,0,0,0,0
2022-08-03,885,0,0,0,2,0,0,0,0,2,0,1,0,2,2,0,0,0,0,0,0,0,0,0,2,0,0,0,0,0,0,0,0
2022-08-04,886,0,0,0,2,0,0,0,0,2,0,1,0,2,2,0,0,0,0,0,0,0,0,0,2,0,0,0,0,0,0,0,0
2022-08-05,887,0,0,0,2,0,0,0,0,2,0,1,0,2,2,0,0,0,0,0,0,0,0,0,2,0,0,0,0,0,0,0,0
2022-08-06,888,0,0,0,2,0,0,0,0,2,0,1,0,2,2,0,0,0,0,0,0,0,0,0,2,0,0,0,0,0,0,0,0
2022-08-07,889,0,0,0,2,0,0,0,0,2,0,1,0,2,2,0,0,0,0,0,0,0,0,0,2,0,0,0,0,0,0,0,0
2022-08-08,890,0,0,0,2,0,0,0,0,2,0,1,0,2,2,0,0,0,0,0,0,0,0,0,2,0,0,0,0,0,0,0,0
2022-08-09,891,0,0,0,2,0,0,0,0,2,0,1,0,2,2,0,0,0,0,0,0,0,0,0,2,0,0,0,0,0,0,0,0
2022-08-10,892,0,0,0,2,0,0,0,0,2,0,1,0,2,2,0,0,0,0,0,0,0,0,0,2,0,0,0,0,0,0,0,0
2022-08-11,893,0,0,0,2,0,0,0,0,2,0,1,0,2,2,0,0,0,0,0,0,0,0,0,2,0,0,0,0,0,0,0,0
2022-08-12,894,0,0,0,2,0,0,0,0,2,0,1,0,2,2,0,0,0,0,0,0,0,0,0,2,0,0,0,0,0,0,0,0
2022-08-13,895,0,0,0,2,0,0,0,0,2,0,1,0,2,2,0,0,0,0,0,0,0,0,0,2,0,0,0,0,0,0,0,0
2022-08-14,896,0,0,0,2,0,0,0,0,2,0,1,0,2,2,0,0,0,0,0,0,0,0,0,2,0,0,0,0,0,0,0,0
2022-08-15,897,0,0,0,2,0,0,0,0,2,0,1,0,2,2,0,0,0,0,0,0,0,0,0,2,0,0,0,0,0,0,0,0
2022-08-16,898,0,0,0,2,0,0,0,0,2,0,1,0,2,2,0,0,0,0,0,0,0,0,0,2,0,0,0,0,0,0,0,0
2022-08-17,899,0,0,0,2,0,0,0,0,2,0,1,0,2,2,0,0,0,0,0,0,0,0,0,2,0,0,0,0,0,0,0,0
2022-08-18,900,0,0,0,2,0,0,0,0,2,0,1,0,2,2,0,0,0,0,0,0,0,0,0,2,0,0,0,0,0,0,0,0
2022-08-19,901,0,2,0,2,0,0,0,0,2,0,1,0,2,2,0,0,0,0,0,0,0,0,0,2,0,2,0,0,0,0,0,0
2022-08-20,902,0,2,0,2,0,0,0,0,2,0,1,0,2,2,0,0,0,0,0,0,0,0,0,2,0,2,0,0,0,0,0,0
2022-08-21,903,0,0,0,2,0,0,0,0,2,0,1,0,2,2,0,0,0,0,0,0,0,0,0,2,0,0,0,0,0,0,0,0
2022-08-22,904,0,0,0,2,0,0,0,0,2,0,1,0,2,2,0,0,0,0,0,0,0,0,0,2,0,0,2,0,0,0,0,0
2022-08-23,905,0,0,0,2,0,0,0,0,2,0,1,0,2,2,0,0,0,0,0,0,0,0,0,2,0,0,2,0,0,0,0,0
2022-08-24,906,0,0,0,2,0,0,0,0,2,0,1,0,2,2,0,0,0,0,0,0,0,0,0,2,0,0,0,0,0,0,0,0
2022-08-25,907,0,0,0,2,0,0,0,0,2,0,1,0,2,2,0,0,0,0,0,0,0,0,0,2,0,0,0,0,0,0,0,0
2022-08-26,908,0,0,0,2,0,0,0,0,2,0,1,0,2,2,0,0,0,0,0,0,0,0,0,2,0,0,0,0,0,0,0,0
2022-08-27,909,0,0,0,2,0,0,0,0,2,0,1,0,2,2,0,0,0,0,0,0,0,0,0,2,0,0,0,0,0,0,0,0
2022-08-28,910,0,0,0,2,0,0,0,0,2,0,1,0,2,2,0,0,0,0,0,0,0,0,0,2,0,0,0,0,0,0,0,0
2022-08-29,911,0,0,0,2,0,0,0,0,2,0,1,0,2,2,0,0,0,0,0,0,0,0,0,2,0,0,0,0,0,0,0,0
2022-08-30,912,0,0,0,2,0,0,0,0,2,0,1,0,2,2,0,0,0,0,0,0,0,0,0,2,0,0,0,0,0,0,0,0
2022-08-31,913,0,0,0,2,0,0,0,0,2,0,1,0,2,2,0,0,0,0,0,0,0,0,0,2,0,0,0,0,0,0,0,0
2022-09-01,914,0,0,0,2,0,0,0,0,2,0,1,0,2,2,0,0,0,0,0,0,0,0,0,2,0,0,0,0,0,0,0,0
2022-09-02,915,0,0,0,2,0,0,0,0,2,0,1,0,2,2,0,0,0,0,0,0,0,0,0,2,0,0,0,0,0,0,0,0
2022-09-03,916,0,0,0,2,0,0,0,0,2,0,1,0,2,2,0,0,0,0,0,0,0,0,0,2,0,0,0,0,0,0,0,0
2022-09-04,917,0,0,0,2,0,0,0,0,2,0,1,0,2,2,0,0,0,0,0,0,0,0,0,2,0,0,0,0,0,0,0,0
2022-09-05,918,0,0,0,2,0,0,0,0,2,0,1,0,2,2,0,0,0,0,0,0,0,0,0,2,0,0,0,0,0,0,0,0
2022-09-06,919,0,0,0,2,0,0,0,0,2,0,1,0,2,2,0,0,0,0,0,0,0,0,0,2,0,0,0,0,0,0,0,0
2022-09-07,920,0,0,0,2,0,0,0,0,2,0,1,0,2,2,0,0,0,0,0,0,0,0,0,2,0,0,0,0,0,0,0,0
2022-09-08,921,0,0,0,2,0,0,0,0,2,0,1,0,2,2,0,0,0,0,0,0,0,0,0,2,0,0,0,0,0,0,0,0
2022-09-09,922,0,0,0,2,0,0,0,0,2,0,1,0,2,2,0,0,0,0,0,0,0,0,0,2,0,0,0,0,0,0,0,0
2022-09-10,923,0,0,0,2,0,0,0,0,2,0,1,0,2,2,0,0,0,0,0,0,0,0,0,2,0,0,0,0,0,0,0,0
2022-09-11,924,0,0,0,2,0,0,0,0,2,0,1,0,2,2,0,0,0,0,0,0,0,0,0,2,0,0,0,0,0,0,0,0
2022-09-12,925,0,0,0,2,0,0,0,0,2,0,1,0,2,2,0,0,0,0,0,0,0,0,0,2,0,0,0,0,0,0,0,0
2022-09-13,926,0,0,0,2,0,0,0,0,2,0,1,0,2,2,0,0,0,0,0,0,0,0,0,2,0,0,0,0,0,0,0,0
2022-09-14,927,0,0,0,2,0,0,0,0,2,0,1,0,2,2,0,0,0,0,0,0,0,0,0,2,0,0,0,0,0,0,0,0
2022-09-15,928,0,0,0,2,0,0,0,0,2,0,1,0,2,2,0,0,0,0,0,0,0,0,0,2,0,0,0,0,0,0,0,0
2022-09-16,929,0,0,0,2,0,0,0,0,2,0,1,0,2,2,0,0,0,0,0,0,0,0,0,2,0,0,0,0,0,0,0,0
2022-09-17,930,0,0,0,2,0,0,0,0,2,0,1,0,2,2,0,0,0,0,0,0,0,0,0,2,0,0,0,0,0,0,0,0
2022-09-18,931,0,0,0,2,0,0,0,0,2,0,1,0,2,2,0,0,0,0,0,0,0,0,0,2,0,0,0,0,0,0,0,0
2022-09-19,932,0,0,0,2,0,0,0,0,2,0,1,0,2,2,0,0,0,0,0,0,0,0,0,2,0,0,0,0,0,0,0,0
2022-09-20,933,0,0,0,2,0,0,0,0,2,0,1,0,2,2,0,0,0,0,0,0,0,0,0,2,0,0,0,0,0,0,0,0
2022-09-21,934,0,0,0,2,0,0,0,0,2,0,1,0,2,2,0,0,0,0,0,0,0,0,0,2,0,0,0,0,0,0,0,0
2022-09-22,935,0,0,0,2,0,0,0,0,2,0,1,0,2,2,0,0,0,0,0,0,0,0,0,2,0,0,0,0,0,0,0,0
2022-09-23,936,0,0,0,2,0,0,0,0,2,0,1,0,2,2,0,0,0,0,0,0,0,0,0,2,0,0,0,0,0,0,0,0
2022-09-24,937,0,0,0,2,0,0,0,0,2,0,1,0,2,2,0,0,0,0,0,0,0,0,0,2,0,0,0,0,0,0,0,0
2022-09-25,938,0,0,0,2,0,0,0,0,2,0,1,0,2,2,0,0,0,0,0,0,0,0,0,2,0,0,0,0,0,0,0,0
2022-09-26,939,0,0,0,2,0,0,0,0,2,0,1,0,2,2,0,0,0,0,0,0,0,0,0,2,0,0,0,0,0,0,0,0
2022-09-27,940,0,0,0,2,0,0,0,0,2,0,1,0,2,2,0,0,0,0,0,0,0,0,0,2,0,0,0,0,0,0,0,0
2022-09-28,941,0,0,0,2,0,0,0,0,2,0,1,0,2,2,0,0,0,0,0,0,0,0,0,2,0,0,0,0,0,0,0,0
2022-09-29,942,0,0,0,2,0,0,0,0,2,0,1,0,2,2,0,0,0,0,0,0,0,0,0,2,0,0,0,0,0,0,0,0
